viral_uniprot,prot_name,motif_name,Human HSV2,Human HSV1,Chimp HSV1,Macacque HSV1,Baboon HSV2,Grivet HSV2,squirrel monkey HSV1
P04288,UL10,CLV_NRD_NRD_1,1,1,1,1,1,1,1
P04288,UL10,CLV_PCSK_KEX2_1,1,1,1,1,1,1,1
P04288,UL10,DOC_USP7_MATH_1,1,1,1,1,1,1,1
P04288,UL10,DOC_WW_Pin1_4,1,1,1,0,0,1,1
P04288,UL10,LIG_FHA_1,1,1,1,1,1,1,1
P04288,UL10,LIG_LIR_Gen_1,1,1,1,1,1,1,1
P04288,UL10,LIG_LIR_Nem_3,1,1,1,1,1,1,1
P04288,UL10,LIG_WD40_WDR5_VDV_2,1,1,1,1,1,1,1
P04288,UL10,MOD_CK1_1,1,1,1,1,1,1,1
P04288,UL10,MOD_CK2_1,1,1,1,1,1,1,1
P04288,UL10,MOD_GlcNHglycan,1,1,1,1,1,1,1
P04288,UL10,MOD_GSK3_1,1,1,1,1,1,1,1
P04288,UL10,MOD_NEK2_1,1,1,1,1,1,1,1
P04288,UL10,MOD_N-GLC_1,1,1,1,1,1,1,1
P04288,UL10,MOD_ProDKin_1,1,1,1,0,0,1,1
P04288,UL10,TRG_ENDOCYTIC_2,1,1,1,1,1,1,1
P04288,UL10,TRG_ER_diArg_1,1,1,1,1,1,1,1
P04288,UL10,TRG_Pf-PMV_PEXEL_1,0,1,0,0,0,0,0
P04290,UL13,CLV_C14_Caspase3-7,0,1,0,0,0,0,1
P04290,UL13,CLV_NRD_NRD_1,1,1,1,1,1,1,1
P04290,UL13,CLV_PCSK_KEX2_1,1,1,1,1,1,1,1
P04290,UL13,CLV_PCSK_PC7_1,1,1,1,1,1,1,1
P04290,UL13,CLV_PCSK_SKI1_1,1,1,1,1,1,1,1
P04290,UL13,DEG_Nend_UBRbox_2,1,1,1,1,1,1,1
P04290,UL13,DOC_CKS1_1,1,1,1,1,1,1,1
P04290,UL13,DOC_USP7_MATH_1,1,1,1,1,1,1,1
P04290,UL13,DOC_WW_Pin1_4,1,1,1,1,1,1,1
P04290,UL13,LIG_14-3-3_CanoR_1,1,1,1,1,1,1,1
P04290,UL13,LIG_Pex14_1,1,1,1,0,0,0,0
P04290,UL13,LIG_SH2_SRC,1,1,1,0,0,0,0
P04290,UL13,LIG_SH2_STAT5,1,1,1,1,1,1,1
P04290,UL13,LIG_SH3_1,1,1,1,0,0,0,0
P04290,UL13,LIG_SH3_3,1,1,1,1,1,1,1
P04290,UL13,LIG_WD40_WDR5_VDV_2,1,1,1,1,1,1,1
P04290,UL13,MOD_CK1_1,1,1,1,1,1,1,1
P04290,UL13,MOD_GlcNHglycan,1,1,1,1,1,1,1
P04290,UL13,MOD_GSK3_1,1,1,1,1,1,1,1
P04290,UL13,MOD_NEK2_1,1,1,1,1,1,1,1
P04290,UL13,MOD_N-GLC_1,1,1,1,1,1,1,1
P04290,UL13,MOD_PKA_2,1,1,1,1,1,1,1
P04290,UL13,MOD_Plk_4,1,1,1,1,1,1,1
P04290,UL13,MOD_ProDKin_1,1,1,1,1,1,1,1
P04290,UL13,TRG_ER_diArg_1,1,1,1,1,1,1,1
P04291,UL14,DEG_SCF_FBW7_1,0,1,0,0,0,0,0
P04291,UL14,DOC_ANK_TNKS_1,1,1,1,0,0,0,0
P04291,UL14,DOC_USP7_MATH_1,1,1,1,1,1,1,0
P04291,UL14,DOC_WW_Pin1_4,1,1,1,0,0,0,1
P04291,UL14,LIG_SH2_STAT5,1,1,1,0,1,1,1
P04291,UL14,LIG_SH3_3,1,1,1,1,1,1,1
P04291,UL14,LIG_WD40_WDR5_VDV_2,1,1,1,1,1,1,1
P04291,UL14,MOD_CK1_1,1,1,1,1,1,1,1
P04291,UL14,MOD_GlcNHglycan,1,1,1,1,1,1,1
P04291,UL14,MOD_GSK3_1,1,1,1,1,1,1,0
P04291,UL14,MOD_ProDKin_1,1,1,1,0,0,0,1
P04293,UL30,CLV_PCSK_KEX2_1,1,1,1,1,1,1,1
P04293,UL30,CLV_PCSK_PC1ET2_1,1,1,1,1,1,1,1
P04293,UL30,DEG_Nend_Nbox_1,1,1,1,0,0,0,0
P04293,UL30,DOC_PP4_FxxP_1,1,1,1,1,1,1,1
P04293,UL30,DOC_WW_Pin1_4,1,1,1,1,1,1,1
P04293,UL30,LIG_BRCT_BRCA1_1,1,1,1,1,0,1,1
P04293,UL30,LIG_IBAR_NPY_1,0,1,1,1,1,1,1
P04293,UL30,LIG_LIR_Apic_2,1,1,1,1,1,1,1
P04293,UL30,LIG_MLH1_MIPbox_1,1,1,1,1,0,0,0
P04293,UL30,LIG_MYND_1,0,1,1,0,0,0,0
P04293,UL30,LIG_PDZ_Class_1,1,1,1,1,1,1,0
P04293,UL30,LIG_SH2_STAT5,1,1,1,1,1,1,1
P04293,UL30,LIG_SH3_3,1,1,1,1,1,1,1
P04293,UL30,LIG_TRAF2_1,1,1,1,1,1,1,1
P04293,UL30,LIG_TRAF6_MATH_1,0,1,0,1,1,1,0
P04293,UL30,LIG_WD40_WDR5_VDV_2,1,1,1,1,1,1,1
P04293,UL30,MOD_CDC14_SPxK_1,1,1,1,0,0,0,1
P04293,UL30,MOD_CDK_SPxK_1,1,1,1,0,0,0,1
P04293,UL30,MOD_CDK_SPxxK_3,1,1,1,1,1,1,1
P04293,UL30,MOD_GlcNHglycan,1,1,1,1,1,1,1
P04293,UL30,MOD_PIKK_1,1,1,1,1,0,0,0
P04293,UL30,MOD_PKA_2,1,1,1,1,1,1,1
P04293,UL30,MOD_ProDKin_1,1,1,1,1,1,1,1
P04294,UL12,CLV_NRD_NRD_1,1,1,1,1,1,1,1
P04294,UL12,CLV_PCSK_KEX2_1,1,1,1,1,1,1,1
P04294,UL12,CLV_PCSK_PC1ET2_1,1,1,1,1,1,1,1
P04294,UL12,CLV_PCSK_PC7_1,0,1,0,1,1,1,0
P04294,UL12,CLV_PCSK_SKI1_1,1,1,1,1,1,1,1
P04294,UL12,DEG_Nend_UBRbox_2,0,1,0,0,0,0,0
P04294,UL12,DEG_SPOP_SBC_1,1,1,1,0,0,0,0
P04294,UL12,DOC_CKS1_1,1,1,1,1,1,1,1
P04294,UL12,DOC_MAPK_gen_1,1,1,1,1,1,1,1
P04294,UL12,DOC_MAPK_JIP1_4,1,1,1,1,1,1,0
P04294,UL12,DOC_PP2B_LxvP_1,0,1,0,0,1,0,1
P04294,UL12,DOC_PP4_FxxP_1,1,1,1,1,1,1,1
P04294,UL12,DOC_USP7_MATH_1,1,1,1,1,1,1,1
P04294,UL12,DOC_WW_Pin1_4,1,1,1,1,1,1,1
P04294,UL12,LIG_14-3-3_CanoR_1,1,1,1,1,1,1,1
P04294,UL12,LIG_14-3-3_CterR_2,1,1,1,0,0,0,0
P04294,UL12,LIG_APCC_ABBAyCdc20_2,0,1,0,1,1,1,0
P04294,UL12,LIG_BIR_III_2,0,1,0,1,1,1,0
P04294,UL12,LIG_BIR_III_4,0,1,0,1,1,1,0
P04294,UL12,LIG_EVH1_1,0,1,0,0,0,1,0
P04294,UL12,LIG_FHA_1,1,1,1,1,1,1,1
P04294,UL12,LIG_FHA_2,0,1,1,1,1,1,0
P04294,UL12,LIG_LIR_Nem_3,1,1,1,1,1,1,1
P04294,UL12,LIG_NRP_CendR_1,1,1,1,0,0,0,0
P04294,UL12,LIG_SH3_1,1,1,1,1,1,1,1
P04294,UL12,LIG_SH3_2,1,1,1,1,1,1,0
P04294,UL12,LIG_SH3_3,1,1,1,1,1,1,1
P04294,UL12,LIG_WD40_WDR5_VDV_2,1,1,1,1,1,1,1
P04294,UL12,LIG_WW_3,1,1,1,0,0,0,0
P04294,UL12,MOD_CDC14_SPxK_1,1,1,1,1,1,1,0
P04294,UL12,MOD_CDK_SPK_2,0,1,0,1,1,1,1
P04294,UL12,MOD_CDK_SPxK_1,1,1,1,1,1,1,1
P04294,UL12,MOD_CDK_SPxxK_3,1,1,0,1,0,1,1
P04294,UL12,MOD_CK1_1,1,1,1,1,1,1,1
P04294,UL12,MOD_CK2_1,1,1,1,1,1,1,1
P04294,UL12,MOD_DYRK1A_RPxSP_1,1,1,1,1,1,1,0
P04294,UL12,MOD_GlcNHglycan,1,1,1,1,1,1,1
P04294,UL12,MOD_GSK3_1,1,1,1,1,1,1,1
P04294,UL12,MOD_NEK2_1,1,1,1,1,1,1,1
P04294,UL12,MOD_PKB_1,1,1,1,1,1,0,1
P04294,UL12,MOD_Plk_1,1,1,1,1,1,1,1
P04294,UL12,MOD_ProDKin_1,1,1,1,1,1,1,1
P04294,UL12,MOD_SUMO_rev_2,0,1,0,1,1,1,0
P04294,UL12,TRG_ER_diArg_1,1,1,1,1,1,1,1
P04294,UL12,TRG_NLS_Bipartite_1,1,1,0,0,0,0,0
P04294,UL12,TRG_NLS_MonoCore_2,1,1,0,0,1,1,1
P04294,UL12,TRG_NLS_MonoExtC_3,1,1,0,1,1,1,0
P04294,UL12,TRG_NLS_MonoExtN_4,1,1,0,1,1,1,1
P04295,UL15,CLV_PCSK_SKI1_1,1,1,1,1,1,1,1
P04295,UL15,DEG_Nend_Nbox_1,1,1,1,1,1,1,1
P04295,UL15,DOC_PP1_RVXF_1,1,1,1,1,1,1,1
P04295,UL15,LIG_14-3-3_CterR_2,1,1,0,0,0,0,0
P04295,UL15,LIG_FHA_1,1,1,1,1,1,1,1
P04295,UL15,LIG_FHA_2,1,1,1,1,1,1,1
P04295,UL15,LIG_WD40_WDR5_VDV_2,1,1,1,1,1,1,1
P04295,UL15,MOD_GlcNHglycan,1,1,1,1,1,1,1
P04295,UL15,MOD_GSK3_1,1,1,1,1,1,1,1
P04295,UL15,MOD_PKA_2,1,1,1,1,1,1,1
P04295,UL15,MOD_SUMO_for_1,1,1,1,1,1,1,1
P04296,UL29,CLV_NRD_NRD_1,1,1,1,1,1,1,1
P04296,UL29,CLV_PCSK_KEX2_1,1,1,1,1,1,1,1
P04296,UL29,CLV_PCSK_PC1ET2_1,1,1,1,1,1,1,1
P04296,UL29,CLV_PCSK_SKI1_1,1,1,1,1,1,1,1
P04296,UL29,DEG_Nend_UBRbox_2,1,1,1,1,1,1,1
P04296,UL29,DOC_MAPK_gen_1,1,1,1,1,1,1,1
P04296,UL29,DOC_MAPK_MEF2A_6,1,1,1,1,1,1,1
P04296,UL29,DOC_MAPK_NFAT4_5,1,1,1,1,1,1,1
P04296,UL29,DOC_PP4_FxxP_1,1,1,1,1,1,1,1
P04296,UL29,DOC_WW_Pin1_4,1,1,1,1,1,1,1
P04296,UL29,LIG_AP2alpha_2,1,1,1,1,1,1,0
P04296,UL29,LIG_LIR_Apic_2,1,1,1,1,1,1,1
P04296,UL29,LIG_PDZ_Class_3,1,1,1,1,1,1,1
P04296,UL29,LIG_SH3_3,1,1,1,1,1,1,1
P04296,UL29,LIG_WD40_WDR5_VDV_2,1,1,1,1,1,1,1
P04296,UL29,MOD_CDK_SPK_2,0,1,0,1,1,0,1
P04296,UL29,MOD_Cter_Amidation,0,1,0,0,0,0,0
P04296,UL29,MOD_N-GLC_1,1,1,1,1,1,1,1
P04296,UL29,MOD_Plk_1,1,1,1,1,1,1,1
P04296,UL29,MOD_ProDKin_1,1,1,1,1,1,1,1
P04413,US3,CLV_NRD_NRD_1,1,1,1,1,1,1,1
P04413,US3,CLV_PCSK_KEX2_1,1,1,1,1,1,1,1
P04413,US3,DEG_SCF_FBW7_1,0,1,0,0,0,0,0
P04413,US3,DOC_CKS1_1,1,1,1,1,1,1,0
P04413,US3,DOC_PP2B_LxvP_1,1,1,1,1,1,1,1
P04413,US3,DOC_PP4_FxxP_1,1,1,1,1,1,1,0
P04413,US3,DOC_USP7_MATH_1,1,1,1,1,1,1,1
P04413,US3,DOC_WW_Pin1_4,1,1,1,1,1,1,1
P04413,US3,LIG_BIR_II_1,1,1,1,1,1,1,1
P04413,US3,LIG_BIR_III_4,1,1,1,0,0,0,0
P04413,US3,LIG_BRCT_BRCA1_1,1,1,1,0,0,0,1
P04413,US3,LIG_FHA_1,1,1,1,1,1,1,1
P04413,US3,LIG_FHA_2,1,1,1,1,1,1,1
P04413,US3,LIG_PTB_Phospho_1,0,1,0,0,0,0,0
P04413,US3,LIG_SH2_NCK_1,1,1,1,0,0,1,1
P04413,US3,LIG_SH2_STAP1,1,1,1,1,1,1,1
P04413,US3,LIG_SH2_STAT3,0,1,0,1,1,1,0
P04413,US3,LIG_SH2_STAT5,1,1,1,1,1,1,1
P04413,US3,LIG_SH3_1,1,1,1,0,0,1,0
P04413,US3,LIG_SH3_3,1,1,1,1,1,1,1
P04413,US3,LIG_TRAF6_MATH_1,1,1,1,0,1,1,0
P04413,US3,LIG_WD40_WDR5_VDV_2,1,1,1,1,1,1,1
P04413,US3,MOD_CDK_SPK_2,0,1,0,0,0,0,0
P04413,US3,MOD_CK2_1,1,1,1,1,1,1,1
P04413,US3,MOD_Cter_Amidation,0,1,0,0,0,0,1
P04413,US3,MOD_GlcNHglycan,1,1,1,1,1,1,1
P04413,US3,MOD_GSK3_1,1,1,1,1,1,1,1
P04413,US3,MOD_PKA_1,0,1,0,1,1,1,1
P04413,US3,MOD_PKA_2,1,1,1,1,1,1,1
P04413,US3,MOD_ProDKin_1,1,1,1,1,1,1,1
P04413,US3,MOD_SUMO_rev_2,1,1,1,1,1,1,0
P04413,US3,TRG_Cilium_RVxP_2,0,1,0,1,0,0,0
P04413,US3,TRG_DiLeu_BaLyEn_6,1,1,1,1,1,1,0
P04413,US3,TRG_ER_diArg_1,1,1,1,1,1,1,1
P04485,US1,CLV_C14_Caspase3-7,1,1,1,1,1,1,1
P04485,US1,CLV_NRD_NRD_1,1,1,1,1,1,1,1
P04485,US1,CLV_PCSK_FUR_1,1,1,1,1,1,1,1
P04485,US1,CLV_PCSK_KEX2_1,1,1,1,1,1,1,1
P04485,US1,CLV_PCSK_PC1ET2_1,1,1,1,1,0,0,1
P04485,US1,CLV_PCSK_PC7_1,1,1,0,0,0,0,0
P04485,US1,CLV_PCSK_SKI1_1,1,1,1,1,1,1,1
P04485,US1,DEG_SPOP_SBC_1,1,1,1,1,1,1,1
P04485,US1,DOC_CKS1_1,1,1,1,1,0,0,0
P04485,US1,DOC_MAPK_gen_1,1,1,1,1,1,1,1
P04485,US1,DOC_MAPK_MEF2A_6,1,1,1,1,1,1,1
P04485,US1,DOC_MAPK_RevD_3,0,1,0,0,0,0,0
P04485,US1,DOC_PP4_FxxP_1,1,1,1,0,0,1,0
P04485,US1,DOC_USP7_MATH_1,1,1,1,1,1,1,1
P04485,US1,DOC_WW_Pin1_4,1,1,1,1,1,1,1
P04485,US1,LIG_14-3-3_CanoR_1,1,1,1,1,1,1,1
P04485,US1,LIG_BIR_II_1,1,1,1,0,0,0,0
P04485,US1,LIG_BRCT_BRCA1_1,0,1,0,1,0,0,0
P04485,US1,LIG_FHA_1,1,1,1,1,1,1,1
P04485,US1,LIG_FHA_2,1,1,1,1,1,1,0
P04485,US1,LIG_LIR_Apic_2,1,1,1,0,0,0,0
P04485,US1,LIG_LIR_Gen_1,0,1,0,1,1,1,0
P04485,US1,LIG_LIR_Nem_3,1,1,1,1,1,1,1
P04485,US1,LIG_SH2_NCK_1,0,1,0,0,0,0,0
P04485,US1,LIG_SH2_SRC,0,1,0,0,0,0,0
P04485,US1,LIG_SH3_1,1,1,1,0,1,0,0
P04485,US1,LIG_SH3_2,0,1,1,0,0,0,0
P04485,US1,LIG_SH3_3,1,1,1,1,1,1,0
P04485,US1,LIG_SUMO_SIM_par_1,0,1,0,0,0,0,0
P04485,US1,LIG_TRAF2_1,1,1,1,0,1,1,0
P04485,US1,LIG_TRAF4_MATH_1,1,1,1,1,1,1,0
P04485,US1,LIG_WD40_WDR5_VDV_2,1,1,1,1,1,1,1
P04485,US1,LIG_WW_3,1,1,0,0,0,0,0
P04485,US1,MOD_CDC14_SPxK_1,1,1,1,1,1,1,1
P04485,US1,MOD_CDK_SPxK_1,1,1,1,1,1,1,1
P04485,US1,MOD_CDK_SPxxK_3,1,1,1,1,1,1,1
P04485,US1,MOD_CK1_1,1,1,1,1,1,1,1
P04485,US1,MOD_CK2_1,1,1,1,1,1,1,1
P04485,US1,MOD_Cter_Amidation,1,1,1,0,1,0,1
P04485,US1,MOD_GlcNHglycan,1,1,1,1,1,1,1
P04485,US1,MOD_GSK3_1,1,1,1,1,1,1,1
P04485,US1,MOD_NEK2_1,1,1,1,1,1,1,1
P04485,US1,MOD_PIKK_1,1,1,1,1,1,1,1
P04485,US1,MOD_PKA_1,0,1,0,0,1,1,1
P04485,US1,MOD_PKA_2,1,1,1,1,1,1,1
P04485,US1,MOD_Plk_1,1,1,1,1,1,1,1
P04485,US1,MOD_Plk_2-3,1,1,1,1,1,1,1
P04485,US1,MOD_Plk_4,1,1,1,1,1,1,1
P04485,US1,MOD_ProDKin_1,1,1,1,1,1,1,1
P04485,US1,MOD_SUMO_rev_2,1,1,0,0,0,0,0
P04485,US1,TRG_ENDOCYTIC_2,0,1,0,0,0,0,0
P04485,US1,TRG_ER_diArg_1,1,1,1,1,1,1,1
P04485,US1,TRG_NLS_Bipartite_1,0,1,0,0,0,0,0
P04485,US1,TRG_NLS_MonoCore_2,1,1,1,0,0,0,1
P04485,US1,TRG_NLS_MonoExtC_3,1,1,1,1,0,0,1
P04485,US1,TRG_NLS_MonoExtN_4,1,1,1,1,0,0,1
P04485,US1,TRG_Pf-PMV_PEXEL_1,1,1,1,1,1,1,1
P04488,US8,CLV_C14_Caspase3-7,1,1,1,1,1,1,1
P04488,US8,CLV_NRD_NRD_1,1,1,1,1,1,1,1
P04488,US8,CLV_PCSK_KEX2_1,1,1,1,1,1,1,1
P04488,US8,CLV_PCSK_SKI1_1,1,1,1,1,1,1,1
P04488,US8,DEG_Nend_UBRbox_2,0,1,0,0,0,0,0
P04488,US8,DEG_SCF_FBW7_1,0,1,0,0,0,0,0
P04488,US8,DOC_CKS1_1,1,1,1,1,0,0,1
P04488,US8,DOC_PP2B_LxvP_1,1,1,1,1,1,1,1
P04488,US8,DOC_USP7_MATH_1,1,1,1,1,1,1,1
P04488,US8,DOC_WW_Pin1_4,1,1,1,1,1,1,1
P04488,US8,LIG_14-3-3_CanoR_1,1,1,1,1,1,1,1
P04488,US8,LIG_BRCT_BRCA1_1,1,1,1,0,0,0,1
P04488,US8,LIG_FHA_1,1,1,1,1,1,1,1
P04488,US8,LIG_FHA_2,1,1,1,1,1,1,1
P04488,US8,LIG_GSK3_LRP6_1,0,1,0,0,0,0,0
P04488,US8,LIG_LIR_Gen_1,1,1,1,1,1,1,1
P04488,US8,LIG_LIR_Nem_3,1,1,1,1,1,1,1
P04488,US8,LIG_MYND_1,0,1,0,0,0,0,0
P04488,US8,LIG_PTAP_UEV_1,1,1,1,0,0,0,0
P04488,US8,LIG_SH2_NCK_1,1,1,1,0,0,0,0
P04488,US8,LIG_SH2_PTP2,1,1,1,1,1,1,0
P04488,US8,LIG_SH2_STAT5,1,1,1,1,1,1,1
P04488,US8,LIG_SH3_1,1,1,0,1,1,1,0
P04488,US8,LIG_SH3_2,1,1,0,1,1,1,0
P04488,US8,LIG_SH3_3,1,1,1,1,1,1,1
P04488,US8,LIG_SH3_CIN85_PxpxPR_1,0,1,0,0,1,0,1
P04488,US8,LIG_WD40_WDR5_VDV_2,1,1,1,1,1,1,1
P04488,US8,LIG_WRC_WIRS_1,1,1,1,1,1,1,1
P04488,US8,LIG_WW_3,1,1,1,1,1,1,0
P04488,US8,MOD_CDK_SPK_2,0,1,0,0,0,1,1
P04488,US8,MOD_CK1_1,1,1,1,1,1,1,1
P04488,US8,MOD_CK2_1,1,1,1,0,0,1,1
P04488,US8,MOD_DYRK1A_RPxSP_1,1,1,1,0,0,0,1
P04488,US8,MOD_GlcNHglycan,1,1,1,1,1,1,1
P04488,US8,MOD_GSK3_1,1,1,1,1,1,1,1
P04488,US8,MOD_N-GLC_1,1,1,1,1,1,1,1
P04488,US8,MOD_PIKK_1,1,1,1,1,1,1,0
P04488,US8,MOD_PKA_1,1,1,1,1,1,1,0
P04488,US8,MOD_PKA_2,1,1,1,1,1,1,1
P04488,US8,MOD_Plk_1,1,1,1,1,1,1,1
P04488,US8,MOD_Plk_2-3,1,1,1,1,1,1,1
P04488,US8,MOD_Plk_4,1,1,1,1,1,1,1
P04488,US8,MOD_ProDKin_1,1,1,1,1,1,1,1
P04488,US8,TRG_ENDOCYTIC_2,1,1,1,1,1,1,1
P04488,US8,TRG_ER_diArg_1,1,1,1,1,1,1,1
P06477,UL22,CLV_NRD_NRD_1,1,1,1,1,1,1,1
P06477,UL22,CLV_PCSK_KEX2_1,1,1,1,1,1,1,1
P06477,UL22,DOC_CYCLIN_yClb1_LxF_4,0,1,0,0,0,0,0
P06477,UL22,LIG_AP2alpha_2,1,1,1,0,0,0,0
P06477,UL22,LIG_deltaCOP1_diTrp_1,1,1,1,1,1,1,0
P06477,UL22,LIG_FHA_2,1,1,1,1,1,1,1
P06477,UL22,LIG_WD40_WDR5_VDV_2,1,1,1,1,1,1,1
P06480,US5,DOC_WW_Pin1_4,0,1,0,1,1,1,1
P06480,US5,LIG_FHA_1,1,1,1,1,0,1,1
P06480,US5,LIG_PDZ_Class_2,0,1,0,1,1,1,0
P06480,US5,LIG_SH3_3,1,1,1,1,1,1,1
P06480,US5,MOD_GSK3_1,1,1,1,1,1,1,1
P06480,US5,MOD_N-GLC_1,1,1,1,1,1,1,1
P06480,US5,MOD_ProDKin_1,0,1,0,1,1,1,1
P06484,US4,CLV_C14_Caspase3-7,1,1,0,0,0,1,0
P06484,US4,DEG_SCF_FBW7_1,1,1,1,1,1,0,1
P06484,US4,DEG_SPOP_SBC_1,1,1,1,1,0,0,0
P06484,US4,DOC_CKS1_1,1,1,1,1,1,1,0
P06484,US4,DOC_USP7_MATH_1,1,1,1,1,1,1,1
P06484,US4,DOC_WW_Pin1_4,1,1,1,1,1,1,1
P06484,US4,LIG_14-3-3_CanoR_1,1,1,1,1,1,1,1
P06484,US4,LIG_FHA_1,1,1,1,1,1,1,0
P06484,US4,LIG_FHA_2,1,1,1,1,1,1,0
P06484,US4,LIG_SH3_3,1,1,1,1,1,1,1
P06484,US4,LIG_WD40_WDR5_VDV_2,1,1,1,1,1,1,1
P06484,US4,MOD_CDC14_SPxK_1,0,1,0,0,0,0,0
P06484,US4,MOD_CDK_SPxK_1,0,1,0,1,0,0,0
P06484,US4,MOD_CK1_1,1,1,1,1,1,1,1
P06484,US4,MOD_DYRK1A_RPxSP_1,1,1,1,1,1,1,0
P06484,US4,MOD_GlcNHglycan,1,1,1,1,1,1,1
P06484,US4,MOD_GSK3_1,1,1,1,1,1,1,1
P06484,US4,MOD_NEK2_1,1,1,1,1,1,1,1
P06484,US4,MOD_N-GLC_1,1,1,1,1,1,1,0
P06484,US4,MOD_PIKK_1,1,1,1,1,0,1,0
P06484,US4,MOD_PKA_2,1,1,1,1,1,1,1
P06484,US4,MOD_ProDKin_1,1,1,1,1,1,1,1
P06485,US2,DEG_APCC_DBOX_1,1,1,1,1,1,1,0
P06485,US2,DEG_SPOP_SBC_1,1,1,1,0,0,0,0
P06485,US2,DOC_CKS1_1,1,1,1,1,1,1,1
P06485,US2,DOC_PP2B_PxIxI_1,0,1,0,0,0,0,0
P06485,US2,DOC_WW_Pin1_4,1,1,1,1,1,1,1
P06485,US2,LIG_ANK_PxLPxL_1,0,1,0,0,0,0,0
P06485,US2,LIG_FHA_1,1,1,1,1,1,1,1
P06485,US2,LIG_PDZ_Class_1,1,1,1,0,0,0,0
P06485,US2,LIG_SH3_1,0,1,0,0,0,1,0
P06485,US2,LIG_SH3_2,0,1,0,0,1,0,1
P06485,US2,LIG_SH3_3,1,1,1,1,1,1,1
P06485,US2,LIG_WD40_WDR5_VDV_2,1,1,1,1,1,1,1
P06485,US2,MOD_CDC14_SPxK_1,0,1,0,0,0,0,1
P06485,US2,MOD_CDK_SPxK_1,0,1,0,1,0,0,1
P06485,US2,MOD_ProDKin_1,1,1,1,1,1,1,1
P06485,US2,TRG_DiLeu_LyEn_5,0,1,0,0,0,0,0
P06485,US2,TRG_ER_diArg_1,1,1,1,1,1,1,1
P06491,UL19,LIG_BIR_II_1,1,1,1,1,1,1,0
P06491,UL19,LIG_BIR_III_1,1,1,1,1,1,1,0
P06491,UL19,LIG_BIR_III_3,1,1,1,1,1,1,0
P06492,UL48,DEG_Nend_UBRbox_2,1,1,1,1,1,1,1
P06492,UL48,DEG_SCF_FBW7_1,0,1,0,0,0,0,0
P06492,UL48,DOC_PP2B_LxvP_1,1,1,1,1,1,1,1
P06492,UL48,DOC_USP7_MATH_1,1,1,1,1,1,1,1
P06492,UL48,DOC_WW_Pin1_4,1,1,1,1,1,1,1
P06492,UL48,LIG_14-3-3_CanoR_1,1,1,1,1,1,1,1
P06492,UL48,LIG_EF_ALG2_ABM_2,0,1,0,0,0,0,0
P06492,UL48,LIG_FHA_1,1,1,1,1,1,1,1
P06492,UL48,LIG_FHA_2,1,1,1,1,1,1,1
P06492,UL48,LIG_FXI_DFP_1,1,1,1,1,1,1,1
P06492,UL48,LIG_GBD_Chelix_1,1,1,1,1,1,0,1
P06492,UL48,LIG_LIR_Gen_1,1,1,1,1,1,1,1
P06492,UL48,LIG_LIR_Nem_3,1,1,1,1,1,1,1
P06492,UL48,LIG_SH3_1,1,1,1,0,0,0,1
P06492,UL48,LIG_SH3_3,1,1,1,1,1,1,1
P06492,UL48,LIG_SUMO_SIM_par_1,1,1,1,1,1,1,0
P06492,UL48,LIG_TRAF2_1,1,1,1,1,1,1,1
P06492,UL48,LIG_WD40_WDR5_VDV_2,1,1,1,1,1,1,1
P06492,UL48,LIG_WW_1,1,1,1,0,0,0,0
P06492,UL48,LIG_WW_3,1,1,0,1,1,1,1
P06492,UL48,MOD_GlcNHglycan,1,1,1,1,1,1,1
P06492,UL48,MOD_GSK3_1,1,1,1,1,1,1,1
P06492,UL48,MOD_NEK2_1,1,1,1,1,1,1,1
P06492,UL48,MOD_PKA_1,1,1,1,1,1,1,1
P06492,UL48,MOD_PKA_2,1,1,1,1,1,1,1
P06492,UL48,MOD_Plk_1,1,1,1,1,1,1,1
P06492,UL48,MOD_ProDKin_1,1,1,1,1,1,1,1
P06492,UL48,TRG_ENDOCYTIC_2,1,1,1,1,1,1,1
P08543,UL39,CLV_C14_Caspase3-7,1,1,1,1,1,1,1
P08543,UL39,CLV_NRD_NRD_1,1,1,1,1,1,1,1
P08543,UL39,CLV_PCSK_KEX2_1,1,1,1,1,1,1,1
P08543,UL39,CLV_PCSK_PC7_1,1,1,1,0,0,0,0
P08543,UL39,DEG_SPOP_SBC_1,0,1,1,1,1,1,1
P08543,UL39,DOC_ANK_TNKS_1,1,1,1,1,1,1,1
P08543,UL39,DOC_CKS1_1,1,1,1,1,1,1,1
P08543,UL39,DOC_CYCLIN_yClb3_PxF_3,1,1,1,0,0,0,0
P08543,UL39,DOC_USP7_MATH_1,1,1,1,1,1,1,1
P08543,UL39,DOC_USP7_MATH_2,0,1,0,0,0,0,1
P08543,UL39,DOC_WW_Pin1_4,1,1,1,1,1,1,1
P08543,UL39,LIG_14-3-3_CanoR_1,1,1,1,1,1,1,1
P08543,UL39,LIG_BIR_II_1,1,1,1,1,1,1,1
P08543,UL39,LIG_BIR_III_4,1,1,1,1,0,0,1
P08543,UL39,LIG_BRCT_BRCA1_1,1,1,1,1,1,1,1
P08543,UL39,LIG_EVH1_2,1,1,1,1,1,0,0
P08543,UL39,LIG_FHA_1,1,1,1,1,1,1,1
P08543,UL39,LIG_FHA_2,1,1,1,1,1,1,1
P08543,UL39,LIG_LIR_Gen_1,1,1,1,1,1,1,1
P08543,UL39,LIG_LIR_Nem_3,1,1,1,1,1,1,1
P08543,UL39,LIG_SH2_CRK,1,1,1,1,1,1,1
P08543,UL39,LIG_SH2_SRC,1,1,1,1,1,1,1
P08543,UL39,LIG_SH2_STAP1,1,1,1,1,1,1,1
P08543,UL39,LIG_SH2_STAT5,1,1,1,1,1,1,1
P08543,UL39,LIG_SH3_1,1,1,0,0,0,0,1
P08543,UL39,LIG_SH3_2,1,1,1,0,0,0,1
P08543,UL39,LIG_SH3_3,1,1,1,1,1,1,1
P08543,UL39,LIG_SH3_CIN85_PxpxPR_1,0,1,0,1,1,1,0
P08543,UL39,LIG_WD40_WDR5_VDV_1,0,1,0,0,0,0,0
P08543,UL39,LIG_WD40_WDR5_VDV_2,1,1,1,1,1,1,1
P08543,UL39,LIG_WW_3,1,1,1,1,1,1,0
P08543,UL39,MOD_CDK_SPK_2,1,1,0,0,0,1,1
P08543,UL39,MOD_CDK_SPxK_1,0,1,1,0,1,1,0
P08543,UL39,MOD_CK1_1,1,1,1,1,1,1,1
P08543,UL39,MOD_CK2_1,1,1,1,1,1,1,1
P08543,UL39,MOD_GlcNHglycan,1,1,1,1,1,1,1
P08543,UL39,MOD_GSK3_1,1,1,1,1,1,1,1
P08543,UL39,MOD_NEK2_1,1,1,1,1,1,1,1
P08543,UL39,MOD_NEK2_2,1,1,1,1,1,1,1
P08543,UL39,MOD_N-GLC_1,1,1,1,1,1,1,1
P08543,UL39,MOD_PIKK_1,1,1,1,1,1,1,1
P08543,UL39,MOD_PKA_1,1,1,1,1,1,1,1
P08543,UL39,MOD_PKA_2,1,1,1,1,1,1,1
P08543,UL39,MOD_PKB_1,1,1,1,1,1,1,1
P08543,UL39,MOD_Plk_1,1,1,1,1,1,1,1
P08543,UL39,MOD_Plk_2-3,1,1,1,1,1,1,1
P08543,UL39,MOD_Plk_4,1,1,1,1,1,1,1
P08543,UL39,MOD_ProDKin_1,1,1,1,1,1,1,1
P08543,UL39,TRG_ENDOCYTIC_2,1,1,1,1,1,1,1
P08543,UL39,TRG_ER_diArg_1,1,1,1,1,1,1,1
P10185,UL1,CLV_NRD_NRD_1,1,1,1,1,1,1,1
P10185,UL1,CLV_PCSK_FUR_1,1,1,1,1,1,1,1
P10185,UL1,CLV_PCSK_KEX2_1,1,1,1,1,1,1,1
P10185,UL1,CLV_PCSK_SKI1_1,1,1,1,1,1,1,1
P10185,UL1,DOC_CKS1_1,1,1,0,0,1,1,1
P10185,UL1,DOC_USP7_MATH_1,1,1,1,1,1,1,1
P10185,UL1,DOC_WW_Pin1_4,1,1,1,1,1,1,1
P10185,UL1,LIG_FHA_1,1,1,1,1,1,1,1
P10185,UL1,LIG_MYND_1,0,1,0,0,0,0,0
P10185,UL1,LIG_SH3_3,0,1,1,1,1,1,1
P10185,UL1,MOD_CDK_SPK_2,0,1,0,0,1,0,0
P10185,UL1,MOD_CDK_SPxK_1,1,1,0,0,0,0,0
P10185,UL1,MOD_CK1_1,1,1,1,1,1,1,1
P10185,UL1,MOD_GlcNHglycan,0,1,0,1,1,1,1
P10185,UL1,MOD_GSK3_1,1,1,1,1,1,1,1
P10185,UL1,MOD_N-GLC_1,1,1,1,1,1,1,1
P10185,UL1,MOD_ProDKin_1,1,1,1,1,1,1,1
P10185,UL1,TRG_ER_diArg_1,1,1,1,1,1,1,1
P10186,UL2,CLV_NRD_NRD_1,1,1,1,1,1,1,1
P10186,UL2,CLV_PCSK_KEX2_1,1,1,1,1,1,1,1
P10186,UL2,CLV_PCSK_PC1ET2_1,1,1,1,1,1,1,1
P10186,UL2,DEG_Nend_UBRbox_1,1,1,1,1,1,1,1
P10186,UL2,DEG_SCF_FBW7_1,0,1,1,0,0,0,1
P10186,UL2,DOC_USP7_MATH_1,1,1,1,1,1,1,1
P10186,UL2,DOC_WW_Pin1_4,1,1,1,1,1,1,1
P10186,UL2,LIG_SH3_3,1,1,1,1,1,1,1
P10186,UL2,LIG_TRAF2_2,0,1,0,0,0,0,0
P10186,UL2,LIG_WD40_WDR5_VDV_2,1,1,1,1,1,1,1
P10186,UL2,LIG_WW_3,1,1,1,1,1,1,1
P10186,UL2,MOD_CDK_SPxxK_3,1,1,1,1,1,1,1
P10186,UL2,MOD_CK1_1,1,1,1,1,1,1,1
P10186,UL2,MOD_CK2_1,1,1,0,1,1,1,0
P10186,UL2,MOD_GlcNHglycan,1,1,1,1,1,1,1
P10186,UL2,MOD_GSK3_1,1,1,1,1,1,1,1
P10186,UL2,MOD_NEK2_1,1,1,1,1,1,1,1
P10186,UL2,MOD_PKA_2,1,1,1,1,0,0,1
P10186,UL2,MOD_ProDKin_1,1,1,1,1,1,1,1
P10189,UL5,DOC_ANK_TNKS_1,0,1,1,0,0,0,0
P10189,UL5,DOC_USP7_MATH_1,1,1,1,1,1,1,1
P10189,UL5,LIG_14-3-3_CanoR_1,1,1,1,1,1,1,1
P10189,UL5,LIG_BIR_II_1,1,1,1,1,0,0,1
P10189,UL5,LIG_BIR_III_3,0,1,0,0,0,0,0
P10189,UL5,LIG_LIR_Nem_3,1,1,1,1,1,1,1
P10189,UL5,LIG_SH3_2,0,1,0,0,0,0,0
P10189,UL5,LIG_SH3_3,1,1,1,1,1,1,1
P10189,UL5,LIG_SUMO_SIM_anti_2,1,1,1,1,1,1,1
P10189,UL5,LIG_TRAF6_MATH_1,1,1,1,0,0,0,1
P10189,UL5,LIG_WD40_WDR5_VDV_1,1,1,1,1,1,1,0
P10189,UL5,LIG_WD40_WDR5_VDV_2,1,1,1,1,1,1,1
P10189,UL5,MOD_GlcNHglycan,1,1,1,1,1,1,1
P10189,UL5,MOD_GSK3_1,1,1,1,1,1,1,1
P10189,UL5,MOD_PIKK_1,1,1,1,1,1,1,1
P10189,UL5,MOD_Plk_4,1,1,1,1,1,1,1
P10189,UL5,MOD_SUMO_rev_2,0,1,1,1,1,1,1
P10189,UL5,TRG_Pf-PMV_PEXEL_1,1,1,1,1,1,1,1
P10191,UL7,LIG_BIR_II_1,1,1,1,1,1,1,0
P10191,UL7,LIG_BIR_III_3,1,1,1,0,0,1,0
P10191,UL7,LIG_FHA_2,1,1,1,1,1,1,1
P10193,UL9,DOC_USP7_MATH_1,1,1,1,1,1,1,1
P10193,UL9,DOC_WW_Pin1_4,1,1,1,1,1,1,1
P10193,UL9,LIG_BIR_III_2,1,1,1,0,0,0,0
P10193,UL9,LIG_WD40_WDR5_VDV_2,1,1,1,1,1,1,1
P10193,UL9,MOD_CK1_1,1,1,1,1,1,1,1
P10193,UL9,MOD_GlcNHglycan,1,1,1,1,1,1,1
P10193,UL9,MOD_GSK3_1,1,1,1,1,1,1,1
P10193,UL9,MOD_Plk_1,1,1,1,1,1,1,1
P10193,UL9,MOD_ProDKin_1,1,1,1,1,1,1,1
P10193,UL9,TRG_Pf-PMV_PEXEL_1,1,1,1,1,1,1,1
P10201,UL17,DOC_PP2B_LxvP_1,1,1,1,1,1,1,1
P10201,UL17,DOC_PP4_FxxP_1,1,1,1,1,1,1,1
P10201,UL17,DOC_WW_Pin1_4,1,1,1,1,1,1,1
P10201,UL17,LIG_Integrin_isoDGR_2,1,1,0,0,0,0,0
P10201,UL17,LIG_NRP_CendR_1,0,1,0,0,0,0,0
P10201,UL17,LIG_SH3_3,1,1,1,1,1,1,1
P10201,UL17,LIG_WD40_WDR5_VDV_2,1,1,1,1,1,1,1
P10201,UL17,MOD_CDK_SPK_2,0,1,0,0,0,0,1
P10201,UL17,MOD_GlcNHglycan,1,1,1,1,1,1,1
P10201,UL17,MOD_ProDKin_1,1,1,1,1,1,1,1
P10201,UL17,TRG_ER_diArg_1,1,1,1,1,1,1,1
P10204,UL20,DEG_APCC_DBOX_1,1,1,1,1,1,1,0
P10204,UL20,LIG_BRCT_BRCA1_1,1,1,1,1,1,1,1
P10204,UL20,LIG_MLH1_MIPbox_1,1,1,1,1,1,1,1
P10204,UL20,MOD_GlcNHglycan,1,1,1,1,1,1,1
P10204,UL20,TRG_Pf-PMV_PEXEL_1,1,1,1,1,1,1,0
P10205,UL21,CLV_NRD_NRD_1,1,1,1,1,1,1,1
P10205,UL21,CLV_PCSK_KEX2_1,1,1,1,1,1,1,1
P10205,UL21,CLV_PCSK_PC1ET2_1,1,1,1,1,1,1,0
P10205,UL21,CLV_PCSK_SKI1_1,1,1,1,1,1,1,1
P10205,UL21,DOC_USP7_MATH_1,1,1,1,1,1,1,1
P10205,UL21,DOC_WW_Pin1_4,1,1,1,1,1,1,1
P10205,UL21,LIG_14-3-3_CanoR_1,1,1,1,1,1,1,1
P10205,UL21,LIG_FHA_1,1,1,1,1,1,1,1
P10205,UL21,LIG_FHA_2,1,1,1,1,1,1,1
P10205,UL21,LIG_LIR_Gen_1,1,1,1,1,1,1,1
P10205,UL21,LIG_LIR_Nem_3,1,1,1,1,1,1,1
P10205,UL21,LIG_SH3_3,1,1,1,1,1,1,1
P10205,UL21,MOD_CK2_1,1,1,1,1,1,1,1
P10205,UL21,MOD_Cter_Amidation,0,1,1,0,1,0,1
P10205,UL21,MOD_GlcNHglycan,1,1,1,1,1,1,1
P10205,UL21,MOD_GSK3_1,1,1,1,1,1,1,1
P10205,UL21,MOD_N-GLC_1,1,1,1,1,0,0,1
P10205,UL21,MOD_PKA_1,1,1,1,1,1,1,0
P10205,UL21,MOD_PKA_2,1,1,1,1,1,1,1
P10205,UL21,MOD_Plk_1,1,1,1,0,1,1,1
P10205,UL21,MOD_Plk_4,1,1,1,1,1,1,1
P10205,UL21,MOD_ProDKin_1,1,1,1,1,1,1,1
P10205,UL21,TRG_Cilium_RVxP_2,0,1,0,0,0,0,1
P10208,UL24,CLV_PCSK_FUR_1,1,1,0,1,1,1,0
P10208,UL24,CLV_PCSK_KEX2_1,1,1,1,1,1,1,1
P10208,UL24,CLV_PCSK_PC1ET2_1,1,1,1,1,1,1,1
P10208,UL24,DOC_PP4_FxxP_1,1,1,1,1,1,1,1
P10208,UL24,DOC_USP7_MATH_1,1,1,1,1,0,1,1
P10208,UL24,DOC_WW_Pin1_4,1,1,1,1,1,0,1
P10208,UL24,LIG_14-3-3_CterR_2,1,1,1,0,0,0,0
P10208,UL24,LIG_BIR_II_1,1,1,1,1,0,1,1
P10208,UL24,LIG_FHA_2,0,0,0,0,0,0,0
P10208,UL24,LIG_WD40_WDR5_VDV_2,1,1,1,1,1,1,1
P10208,UL24,MOD_CK2_1,1,1,1,1,1,1,1
P10208,UL24,MOD_GlcNHglycan,1,1,1,1,1,1,1
P10208,UL24,MOD_GSK3_1,1,1,1,1,1,1,1
P10208,UL24,MOD_PKA_2,1,1,1,1,1,1,1
P10208,UL24,MOD_ProDKin_1,1,1,1,1,1,0,1
P10209,UL25,DEG_Nend_UBRbox_2,1,1,1,1,1,1,1
P10209,UL25,DOC_USP7_MATH_1,1,1,1,1,1,1,1
P10210,UL26,CLV_C14_Caspase3-7,1,1,1,1,1,1,0
P10210,UL26,CLV_NRD_NRD_1,1,1,1,1,1,1,1
P10210,UL26,CLV_PCSK_KEX2_1,1,1,1,1,1,1,1
P10210,UL26,CLV_PCSK_PC1ET2_1,1,1,1,1,1,1,1
P10210,UL26,CLV_PCSK_PC7_1,1,1,1,1,1,1,1
P10210,UL26,DOC_CKS1_1,0,1,0,1,0,1,1
P10210,UL26,DOC_MAPK_FxFP_2,0,1,0,0,0,0,0
P10210,UL26,DOC_PP2B_LxvP_1,1,1,1,1,1,1,1
P10210,UL26,DOC_PP4_FxxP_1,1,1,1,1,1,1,0
P10210,UL26,DOC_USP7_MATH_1,1,1,1,1,1,1,1
P10210,UL26,DOC_WW_Pin1_4,1,1,1,1,1,1,1
P10210,UL26,LIG_BIR_II_1,1,1,1,0,0,1,0
P10210,UL26,LIG_BIR_III_4,0,1,0,0,1,0,1
P10210,UL26,LIG_BRCT_BRCA1_1,1,1,1,1,1,1,1
P10210,UL26,LIG_LIR_Apic_2,1,1,1,0,0,0,0
P10210,UL26,LIG_LIR_Nem_3,1,1,1,1,1,1,1
P10210,UL26,LIG_LYPXL_yS_3,1,1,1,1,0,0,0
P10210,UL26,LIG_MYND_1,0,1,0,0,0,0,1
P10210,UL26,LIG_SH2_CRK,1,1,1,1,1,1,0
P10210,UL26,LIG_SH2_NCK_1,0,1,0,0,1,1,0
P10210,UL26,LIG_SH2_SRC,1,1,1,1,1,1,1
P10210,UL26,LIG_SH2_STAT3,0,1,0,1,1,0,0
P10210,UL26,LIG_SH2_STAT5,1,1,1,1,1,1,1
P10210,UL26,LIG_SH3_1,1,1,0,0,1,0,1
P10210,UL26,LIG_SH3_3,1,1,1,1,1,1,1
P10210,UL26,LIG_SH3_5,0,1,0,0,0,0,0
P10210,UL26,LIG_WD40_WDR5_VDV_2,1,1,1,1,1,1,1
P10210,UL26,MOD_CK1_1,1,1,1,1,1,1,1
P10210,UL26,MOD_CK2_1,1,1,1,1,1,1,1
P10210,UL26,MOD_Cter_Amidation,1,1,1,1,1,1,1
P10210,UL26,MOD_GlcNHglycan,1,1,1,1,1,1,1
P10210,UL26,MOD_GSK3_1,1,1,1,1,1,1,1
P10210,UL26,MOD_PIKK_1,1,1,1,1,1,1,1
P10210,UL26,MOD_PKA_2,1,1,1,1,1,1,1
P10210,UL26,MOD_ProDKin_1,1,1,1,1,1,1,1
P10210,UL26,TRG_ENDOCYTIC_2,1,1,1,1,1,1,1
P10210,UL26,TRG_ER_diArg_1,1,1,1,1,1,1,1
P10210,UL26,TRG_NLS_MonoCore_2,1,1,1,1,1,1,1
P10210,UL26,TRG_NLS_MonoExtC_3,1,1,1,1,1,1,1
P10211,UL27,CLV_C14_Caspase3-7,1,1,1,1,1,1,1
P10211,UL27,CLV_NRD_NRD_1,1,1,1,1,1,1,1
P10211,UL27,CLV_PCSK_FUR_1,0,1,0,0,0,0,0
P10211,UL27,CLV_PCSK_KEX2_1,1,1,1,1,1,1,1
P10211,UL27,CLV_PCSK_PC1ET2_1,1,1,1,1,1,1,1
P10211,UL27,DEG_Nend_UBRbox_1,1,1,1,0,0,0,0
P10211,UL27,DOC_CKS1_1,1,1,1,1,1,1,1
P10211,UL27,DOC_USP7_MATH_1,1,1,1,1,1,1,1
P10211,UL27,DOC_USP7_UBL2_3,1,1,1,1,1,1,1
P10211,UL27,DOC_WW_Pin1_4,1,1,1,1,1,1,1
P10211,UL27,LIG_BIR_III_4,0,1,0,0,0,0,0
P10211,UL27,LIG_FHA_1,1,1,1,1,1,1,1
P10211,UL27,LIG_FHA_2,1,1,1,1,1,1,1
P10211,UL27,LIG_LIR_Gen_1,1,1,1,1,1,1,1
P10211,UL27,LIG_LIR_Nem_3,1,1,1,1,1,1,1
P10211,UL27,LIG_PDZ_Class_3,1,1,1,1,1,1,0
P10211,UL27,LIG_SH2_CRK,1,1,1,1,1,1,1
P10211,UL27,LIG_SH2_NCK_1,1,1,1,1,1,1,1
P10211,UL27,LIG_SH2_STAT5,1,1,1,1,1,1,1
P10211,UL27,LIG_SH3_1,1,1,1,1,1,1,0
P10211,UL27,LIG_SH3_2,0,1,0,0,0,0,1
P10211,UL27,LIG_SH3_3,1,1,1,1,1,1,1
P10211,UL27,LIG_TYR_ITSM,0,1,0,0,0,0,0
P10211,UL27,LIG_WD40_WDR5_VDV_2,1,1,1,1,1,1,1
P10211,UL27,LIG_WW_3,0,1,0,0,0,0,0
P10211,UL27,MOD_CK1_1,1,1,1,1,1,1,1
P10211,UL27,MOD_CK2_1,1,1,1,1,1,1,1
P10211,UL27,MOD_Cter_Amidation,1,1,1,1,1,1,1
P10211,UL27,MOD_GlcNHglycan,1,1,1,1,1,1,1
P10211,UL27,MOD_GSK3_1,1,1,1,1,1,1,1
P10211,UL27,MOD_NEK2_1,1,1,1,1,1,1,1
P10211,UL27,MOD_NEK2_2,1,1,1,1,1,1,1
P10211,UL27,MOD_N-GLC_1,1,1,1,1,1,1,1
P10211,UL27,MOD_PIKK_1,1,1,1,1,1,1,1
P10211,UL27,MOD_PKA_1,1,1,1,1,1,1,1
P10211,UL27,MOD_PKA_2,1,1,1,1,1,1,1
P10211,UL27,MOD_PKB_1,0,1,1,0,0,0,0
P10211,UL27,MOD_Plk_1,1,1,1,1,1,1,1
P10211,UL27,MOD_ProDKin_1,1,1,1,1,1,1,1
P10211,UL27,TRG_ENDOCYTIC_2,1,1,1,1,1,1,1
P10211,UL27,TRG_ER_diArg_1,1,1,1,1,1,1,1
P10211,UL27,TRG_NLS_MonoCore_2,1,1,0,0,0,0,1
P10211,UL27,TRG_NLS_MonoExtC_3,1,1,1,1,1,1,1
P10211,UL27,TRG_NLS_MonoExtN_4,1,1,1,1,1,1,1
P10212,UL28,CLV_C14_Caspase3-7,1,1,1,1,1,1,1
P10212,UL28,CLV_NRD_NRD_1,1,1,1,1,1,1,1
P10212,UL28,CLV_PCSK_KEX2_1,1,1,1,1,1,1,1
P10212,UL28,DOC_ANK_TNKS_1,0,1,0,1,1,1,1
P10212,UL28,DOC_PP2B_LxvP_1,1,1,1,1,1,1,1
P10212,UL28,DOC_WW_Pin1_4,1,1,1,1,1,1,1
P10212,UL28,LIG_14-3-3_CanoR_1,1,1,1,1,1,1,1
P10212,UL28,LIG_FHA_2,1,1,1,1,1,1,1
P10212,UL28,LIG_TRAF2_1,1,1,1,1,1,1,1
P10212,UL28,MOD_GlcNHglycan,1,1,1,1,1,1,1
P10212,UL28,MOD_ProDKin_1,1,1,1,1,1,1,1
P10212,UL28,TRG_ER_diArg_1,1,1,1,1,1,1,1
P10215,UL31,CLV_NRD_NRD_1,1,1,1,1,1,1,1
P10215,UL31,CLV_PCSK_KEX2_1,1,1,1,1,1,1,1
P10215,UL31,DEG_Nend_Nbox_1,1,1,1,1,1,1,0
P10215,UL31,LIG_14-3-3_CanoR_1,1,1,1,1,1,1,1
P10215,UL31,LIG_FHA_1,1,1,1,1,1,1,1
P10215,UL31,MOD_CK1_1,1,1,1,1,1,0,1
P10215,UL31,MOD_GlcNHglycan,1,1,1,1,1,1,1
P10215,UL31,MOD_PKA_1,1,1,1,1,1,1,1
P10215,UL31,MOD_PKA_2,1,1,1,1,1,1,1
P10215,UL31,MOD_PKB_1,0,1,0,0,1,1,1
P10215,UL31,TRG_ER_diArg_1,1,1,1,1,1,1,1
P10217,UL33,LIG_BIR_II_1,1,1,1,1,1,1,1
P10217,UL33,LIG_SH3_3,1,1,1,1,1,1,1
P10218,UL34,CLV_PCSK_SKI1_1,1,1,1,1,1,1,1
P10218,UL34,DOC_ANK_TNKS_1,0,1,0,0,0,0,0
P10218,UL34,DOC_CDC14_PxL_1,0,1,0,0,0,0,0
P10218,UL34,LIG_BIR_II_1,1,1,1,0,0,0,0
P10218,UL34,LIG_Integrin_RGD_1,0,1,1,0,0,0,0
P10218,UL34,LIG_LIR_Nem_3,1,1,1,1,1,1,1
P10218,UL34,LIG_SH2_STAT5,1,1,1,1,1,1,1
P10218,UL34,LIG_SH3_3,1,1,1,1,1,1,1
P10218,UL34,MOD_GSK3_1,1,1,1,1,1,1,1
P10218,UL34,MOD_PIKK_1,1,1,0,1,1,1,1
P10218,UL34,TRG_DiLeu_BaLyEn_6,1,1,1,1,1,0,1
P10218,UL34,TRG_ER_diArg_1,1,1,1,1,1,1,1
P10219,UL35,CLV_NRD_NRD_1,0,1,0,1,1,1,0
P10219,UL35,CLV_PCSK_KEX2_1,1,1,1,1,1,1,1
P10219,UL35,CLV_PCSK_SKI1_1,1,1,1,1,1,1,0
P10219,UL35,DOC_CKS1_1,1,1,1,0,0,0,1
P10219,UL35,DOC_WW_Pin1_4,1,1,1,0,0,0,1
P10219,UL35,MOD_GSK3_1,0,1,1,0,0,0,1
P10219,UL35,MOD_ProDKin_1,1,1,1,0,0,0,1
P10219,UL35,TRG_ER_diArg_1,0,1,0,1,1,1,0
P10221,UL37,CLV_C14_Caspase3-7,1,1,1,0,0,0,1
P10221,UL37,CLV_NRD_NRD_1,1,1,1,1,1,1,1
P10221,UL37,CLV_PCSK_KEX2_1,1,1,1,1,1,1,1
P10221,UL37,DEG_SCF_FBW7_2,0,1,0,0,1,0,0
P10221,UL37,DEG_SPOP_SBC_1,0,1,1,0,1,0,0
P10221,UL37,DOC_CKS1_1,1,1,1,1,1,1,1
P10221,UL37,DOC_CYCLIN_yCln2_LP_2,1,1,1,0,0,0,1
P10221,UL37,DOC_PP2B_LxvP_1,1,1,1,1,1,1,1
P10221,UL37,DOC_USP7_MATH_1,1,1,1,1,1,1,1
P10221,UL37,DOC_WW_Pin1_4,1,1,1,1,1,1,1
P10221,UL37,LIG_14-3-3_CanoR_1,1,1,1,1,1,1,1
P10221,UL37,LIG_BIR_II_1,1,1,0,0,0,0,0
P10221,UL37,LIG_FHA_2,1,1,1,1,1,1,1
P10221,UL37,LIG_LIR_Nem_3,1,1,1,1,1,1,1
P10221,UL37,LIG_SH3_3,1,1,1,1,1,1,1
P10221,UL37,LIG_WD40_WDR5_VDV_2,1,1,1,1,1,1,1
P10221,UL37,MOD_GlcNHglycan,1,1,1,1,1,1,1
P10221,UL37,TRG_Pf-PMV_PEXEL_1,1,1,1,1,1,1,1
P10224,UL40,DEG_Nend_UBRbox_2,1,1,1,1,1,1,1
P10224,UL40,DOC_WW_Pin1_4,1,1,1,1,0,1,1
P10224,UL40,LIG_14-3-3_CanoR_1,1,1,1,1,1,1,1
P10224,UL40,LIG_DLG_GKlike_1,1,1,1,0,0,0,0
P10224,UL40,LIG_MYND_1,0,1,0,0,0,0,0
P10224,UL40,LIG_REV1ctd_RIR_1,1,1,1,1,1,1,1
P10224,UL40,LIG_WD40_WDR5_VDV_2,1,1,1,1,1,1,1
P10224,UL40,MOD_GlcNHglycan,1,1,1,1,1,1,1
P10224,UL40,MOD_GSK3_1,1,1,1,1,1,1,1
P10224,UL40,MOD_PKA_2,1,1,1,1,1,1,1
P10224,UL40,MOD_ProDKin_1,1,1,1,1,0,1,1
P10225,UL41,CLV_NRD_NRD_1,1,1,1,1,1,1,1
P10225,UL41,CLV_PCSK_KEX2_1,1,1,1,1,1,1,1
P10225,UL41,CLV_PCSK_SKI1_1,1,1,1,1,1,1,1
P10225,UL41,DEG_SPOP_SBC_1,1,1,1,1,1,1,0
P10225,UL41,DOC_CKS1_1,1,1,1,1,1,1,1
P10225,UL41,DOC_PP1_RVXF_1,1,1,1,1,1,1,0
P10225,UL41,DOC_PP2B_LxvP_1,1,1,1,1,1,1,0
P10225,UL41,DOC_USP7_MATH_1,1,1,1,1,1,1,1
P10225,UL41,DOC_WW_Pin1_4,1,1,1,1,1,1,1
P10225,UL41,LIG_14-3-3_CanoR_1,1,1,1,1,1,1,1
P10225,UL41,LIG_BRCT_BRCA1_1,1,1,1,1,1,1,0
P10225,UL41,LIG_CtBP_PxDLS_1,1,1,1,1,1,1,0
P10225,UL41,LIG_DLG_GKlike_1,0,1,0,0,0,0,0
P10225,UL41,LIG_FHA_1,1,1,1,1,1,1,1
P10225,UL41,LIG_FHA_2,1,1,1,1,1,1,1
P10225,UL41,LIG_LIR_Gen_1,1,1,1,1,1,1,1
P10225,UL41,LIG_LIR_Nem_3,1,1,1,1,1,1,1
P10225,UL41,LIG_MYND_1,1,1,1,0,0,0,0
P10225,UL41,LIG_SH3_3,1,1,1,1,1,1,1
P10225,UL41,LIG_WD40_WDR5_VDV_2,1,1,1,1,1,1,1
P10225,UL41,LIG_WW_2,0,1,0,0,0,0,0
P10225,UL41,MOD_CK1_1,1,1,1,1,1,1,1
P10225,UL41,MOD_CK2_1,1,1,1,1,1,1,1
P10225,UL41,MOD_GlcNHglycan,1,1,1,1,1,1,1
P10225,UL41,MOD_GSK3_1,1,1,1,1,1,1,1
P10225,UL41,MOD_PIKK_1,1,1,1,1,1,1,1
P10225,UL41,MOD_PKA_1,0,1,0,0,0,0,1
P10225,UL41,MOD_PKA_2,1,1,1,1,1,1,1
P10225,UL41,MOD_PKB_1,1,1,1,1,1,1,1
P10225,UL41,MOD_ProDKin_1,1,1,1,1,1,1,1
P10225,UL41,TRG_ER_diArg_1,1,1,1,1,1,1,1
P10226,UL42,CLV_C14_Caspase3-7,1,1,1,1,1,1,1
P10226,UL42,CLV_PCSK_KEX2_1,1,1,1,1,1,1,1
P10226,UL42,CLV_PCSK_PC1ET2_1,1,1,1,1,1,1,1
P10226,UL42,DEG_SPOP_SBC_1,1,1,1,0,1,0,0
P10226,UL42,DOC_CKS1_1,0,1,1,0,1,1,0
P10226,UL42,DOC_MAPK_FxFP_2,0,1,0,0,0,1,0
P10226,UL42,DOC_PP4_FxxP_1,1,1,1,1,1,1,1
P10226,UL42,DOC_USP7_MATH_1,1,1,1,1,1,1,1
P10226,UL42,DOC_USP7_MATH_2,0,1,0,0,0,0,0
P10226,UL42,DOC_WW_Pin1_4,1,1,1,1,1,1,1
P10226,UL42,LIG_FHA_1,1,1,1,1,1,1,1
P10226,UL42,LIG_FHA_2,1,1,1,1,1,1,1
P10226,UL42,LIG_LIR_Nem_3,1,1,1,1,1,1,1
P10226,UL42,LIG_PTAP_UEV_1,0,1,0,0,0,0,0
P10226,UL42,LIG_SH2_STAP1,1,1,1,1,0,1,0
P10226,UL42,LIG_SH2_STAT5,1,1,1,1,1,1,1
P10226,UL42,LIG_SH3_1,1,1,1,1,1,1,0
P10226,UL42,LIG_SH3_3,1,1,1,1,1,1,1
P10226,UL42,LIG_WD40_WDR5_VDV_2,1,1,1,1,1,1,1
P10226,UL42,MOD_CDK_SPxxK_3,1,1,0,1,1,0,1
P10226,UL42,MOD_CK1_1,1,1,1,1,1,1,1
P10226,UL42,MOD_CK2_1,1,1,1,1,1,1,1
P10226,UL42,MOD_GlcNHglycan,1,1,1,1,1,1,1
P10226,UL42,MOD_GSK3_1,1,1,1,1,1,1,1
P10226,UL42,MOD_NEK2_1,1,1,1,1,1,1,1
P10226,UL42,MOD_PIKK_1,1,1,1,1,0,1,1
P10226,UL42,MOD_PKA_2,1,1,1,1,1,1,1
P10226,UL42,MOD_Plk_1,1,1,1,1,1,1,1
P10226,UL42,MOD_ProDKin_1,1,1,1,1,1,1,1
P10226,UL42,TRG_Cilium_RVxP_2,1,1,1,1,1,0,0
P10226,UL42,TRG_NLS_Bipartite_1,1,1,1,1,0,1,0
P10226,UL42,TRG_NLS_MonoCore_2,1,1,1,0,0,0,0
P10226,UL42,TRG_NLS_MonoExtN_4,1,1,0,1,0,1,1
P10227,UL43,CLV_NRD_NRD_1,1,1,1,1,1,1,NA
P10227,UL43,CLV_PCSK_KEX2_1,1,1,1,1,1,1,NA
P10227,UL43,DEG_Nend_Nbox_1,0,1,0,0,0,0,NA
P10227,UL43,DEG_SCF_FBW7_1,0,1,0,0,0,0,NA
P10227,UL43,DOC_ANK_TNKS_1,1,1,1,1,1,1,NA
P10227,UL43,DOC_CKS1_1,0,1,0,1,1,1,NA
P10227,UL43,DOC_MAPK_MEF2A_6,1,1,1,1,1,1,NA
P10227,UL43,DOC_USP7_MATH_1,1,1,1,1,1,1,NA
P10227,UL43,DOC_WW_Pin1_4,1,1,1,1,1,1,NA
P10227,UL43,LIG_CtBP_PxDLS_1,0,1,0,0,0,0,NA
P10227,UL43,LIG_FHA_2,0,1,1,1,0,0,NA
P10227,UL43,LIG_SH3_1,0,1,0,0,0,1,NA
P10227,UL43,LIG_SH3_2,0,1,0,1,1,1,NA
P10227,UL43,LIG_SH3_3,1,1,1,1,1,1,NA
P10227,UL43,LIG_WD40_WDR5_VDV_2,1,1,1,1,1,1,NA
P10227,UL43,MOD_CDK_SPxK_1,0,1,0,0,0,1,NA
P10227,UL43,MOD_CK1_1,0,1,1,1,0,0,NA
P10227,UL43,MOD_DYRK1A_RPxSP_1,0,1,0,1,0,1,NA
P10227,UL43,MOD_GlcNHglycan,1,1,1,1,1,1,NA
P10227,UL43,MOD_GSK3_1,1,1,1,1,0,1,NA
P10227,UL43,MOD_N-GLC_1,0,1,0,0,0,0,NA
P10227,UL43,MOD_PIKK_1,1,1,1,1,1,1,NA
P10227,UL43,MOD_ProDKin_1,1,1,1,1,1,1,NA
P10227,UL43,TRG_ER_diArg_1,1,1,1,1,1,1,NA
P10228,UL44,DEG_APCC_DBOX_1,0,1,0,0,1,1,0
P10228,UL44,DEG_SCF_FBW7_1,0,1,0,0,0,0,1
P10228,UL44,DEG_SPOP_SBC_1,1,1,1,1,0,1,0
P10228,UL44,DOC_CKS1_1,0,1,0,0,0,0,1
P10228,UL44,DOC_MAPK_MEF2A_6,1,1,1,1,1,1,1
P10228,UL44,DOC_USP7_MATH_1,1,1,1,1,1,1,1
P10228,UL44,DOC_WW_Pin1_4,1,1,1,1,1,1,1
P10228,UL44,LIG_BIR_II_1,1,1,1,1,1,0,0
P10228,UL44,LIG_FHA_2,1,1,1,1,1,1,1
P10228,UL44,LIG_GBD_Chelix_1,1,1,0,0,0,0,1
P10228,UL44,LIG_GSK3_LRP6_1,0,1,0,0,0,0,1
P10228,UL44,LIG_NRBOX,1,1,1,1,1,1,1
P10228,UL44,LIG_SH3_1,1,1,1,0,1,1,1
P10228,UL44,LIG_SH3_3,1,1,1,1,1,1,1
P10228,UL44,LIG_WD40_WDR5_VDV_2,1,1,1,1,1,1,1
P10228,UL44,MOD_CDK_SPK_2,1,1,1,0,0,0,1
P10228,UL44,MOD_CDK_SPxK_1,1,1,1,0,1,1,1
P10228,UL44,MOD_CDK_SPxxK_3,1,1,1,1,0,0,1
P10228,UL44,MOD_CK1_1,1,1,1,1,1,1,1
P10228,UL44,MOD_CK2_1,1,1,1,1,1,1,1
P10228,UL44,MOD_GlcNHglycan,1,1,1,1,1,1,1
P10228,UL44,MOD_GSK3_1,1,1,1,1,1,1,1
P10228,UL44,MOD_N-GLC_1,1,1,1,1,1,1,1
P10228,UL44,MOD_PIKK_1,1,1,1,1,0,1,1
P10228,UL44,MOD_PKA_2,1,1,1,1,1,1,1
P10228,UL44,MOD_ProDKin_1,1,1,1,1,1,1,1
P10228,UL44,MOD_SUMO_rev_2,0,1,0,0,0,0,1
P10229,UL45,MOD_GlcNHglycan,1,1,1,1,1,1,1
P10229,UL45,MOD_GSK3_1,1,1,1,1,1,0,1
P10230,UL46,CLV_NRD_NRD_1,1,1,1,1,1,1,1
P10230,UL46,CLV_PCSK_FUR_1,1,1,1,1,1,1,1
P10230,UL46,CLV_PCSK_KEX2_1,1,1,1,1,1,1,1
P10230,UL46,CLV_PCSK_PC7_1,0,1,0,0,0,0,1
P10230,UL46,CLV_PCSK_SKI1_1,1,1,1,1,1,1,1
P10230,UL46,DEG_APCC_DBOX_1,0,1,1,0,0,0,1
P10230,UL46,DEG_Nend_UBRbox_3,1,1,1,1,1,1,0
P10230,UL46,DEG_SCF_FBW7_1,0,1,1,0,1,0,1
P10230,UL46,DOC_ANK_TNKS_1,0,1,0,0,0,0,1
P10230,UL46,DOC_MAPK_gen_1,1,1,1,1,1,1,1
P10230,UL46,DOC_PP4_FxxP_1,1,1,1,1,1,1,1
P10230,UL46,DOC_WW_Pin1_4,1,1,1,1,1,1,1
P10230,UL46,LIG_BRCT_BRCA1_1,1,1,1,1,1,1,1
P10230,UL46,LIG_deltaCOP1_diTrp_1,1,1,1,1,1,1,1
P10230,UL46,LIG_DLG_GKlike_1,0,1,0,1,1,1,0
P10230,UL46,LIG_FHA_1,1,1,1,1,1,1,1
P10230,UL46,LIG_FHA_2,1,1,1,1,1,1,1
P10230,UL46,LIG_LIR_Apic_2,1,1,1,1,1,1,1
P10230,UL46,LIG_LIR_Gen_1,1,1,1,1,1,1,1
P10230,UL46,LIG_LIR_Nem_3,1,1,1,1,1,1,1
P10230,UL46,LIG_MYND_1,1,1,1,1,1,1,1
P10230,UL46,LIG_NRP_CendR_1,0,1,0,0,0,0,0
P10230,UL46,LIG_Pex14_1,1,1,1,0,0,0,0
P10230,UL46,LIG_PTB_Apo_2,1,1,1,1,1,1,0
P10230,UL46,LIG_PTB_Phospho_1,1,1,1,1,1,1,0
P10230,UL46,LIG_SH2_NCK_1,1,1,1,1,1,1,1
P10230,UL46,LIG_SH2_SRC,1,1,1,1,1,1,1
P10230,UL46,LIG_SH2_STAT5,1,1,1,1,1,1,1
P10230,UL46,LIG_SH3_1,1,1,1,0,0,0,1
P10230,UL46,LIG_SH3_2,1,1,1,1,1,1,1
P10230,UL46,LIG_SH3_3,1,1,1,1,1,1,1
P10230,UL46,LIG_SH3_CIN85_PxpxPR_1,1,1,1,0,1,1,0
P10230,UL46,LIG_TRAF6_MATH_1,1,1,1,0,0,0,0
P10230,UL46,LIG_WD40_WDR5_VDV_2,1,1,1,1,1,1,1
P10230,UL46,LIG_WW_2,1,1,1,0,0,0,1
P10230,UL46,LIG_WW_3,1,1,1,1,1,1,1
P10230,UL46,MOD_CDK_SPxxK_3,0,1,0,0,0,0,1
P10230,UL46,MOD_CK1_1,1,1,1,1,1,1,1
P10230,UL46,MOD_CK2_1,1,1,1,1,1,1,1
P10230,UL46,MOD_Cter_Amidation,1,1,1,1,1,1,0
P10230,UL46,MOD_GlcNHglycan,1,1,1,1,1,1,1
P10230,UL46,MOD_GSK3_1,1,1,1,1,1,1,1
P10230,UL46,MOD_NEK2_1,1,1,1,1,1,1,1
P10230,UL46,MOD_NEK2_2,1,1,1,1,1,1,1
P10230,UL46,MOD_N-GLC_2,1,1,1,0,0,0,0
P10230,UL46,MOD_PIKK_1,1,1,1,1,0,0,1
P10230,UL46,MOD_PKA_1,0,1,0,1,0,1,1
P10230,UL46,MOD_PKA_2,1,1,1,1,1,1,1
P10230,UL46,MOD_PKB_1,1,1,1,1,1,1,1
P10230,UL46,MOD_Plk_1,1,1,1,1,1,1,1
P10230,UL46,MOD_Plk_2-3,1,1,1,1,1,1,1
P10230,UL46,MOD_Plk_4,1,1,1,1,1,1,1
P10230,UL46,MOD_ProDKin_1,1,1,1,1,1,1,1
P10230,UL46,TRG_DiLeu_BaLyEn_6,0,1,0,1,1,1,0
P10230,UL46,TRG_ENDOCYTIC_2,1,1,1,1,1,1,1
P10230,UL46,TRG_ER_diArg_1,1,1,1,1,1,1,1
P10231,UL47,CLV_NRD_NRD_1,1,1,1,1,1,1,1
P10231,UL47,CLV_PCSK_FUR_1,1,1,1,1,1,1,1
P10231,UL47,CLV_PCSK_KEX2_1,1,1,1,1,1,1,1
P10231,UL47,CLV_PCSK_PC7_1,0,1,0,1,1,1,0
P10231,UL47,CLV_PCSK_SKI1_1,1,1,1,1,1,1,1
P10231,UL47,CLV_Separin_Metazoa,0,1,0,0,0,0,0
P10231,UL47,DOC_PP2A_B56_1,1,1,1,1,1,1,1
P10231,UL47,DOC_USP7_MATH_1,1,1,1,1,1,1,1
P10231,UL47,DOC_WW_Pin1_4,1,1,1,1,1,1,1
P10231,UL47,LIG_14-3-3_CanoR_1,1,1,1,1,1,1,1
P10231,UL47,LIG_BIR_II_1,1,1,1,1,1,1,0
P10231,UL47,LIG_Integrin_RGD_1,0,1,1,0,0,0,0
P10231,UL47,LIG_SH2_STAT5,1,1,1,1,1,1,1
P10231,UL47,LIG_SH3_3,1,1,1,1,1,1,1
P10231,UL47,LIG_TRAF2_1,1,1,1,0,1,1,0
P10231,UL47,LIG_WD40_WDR5_VDV_2,1,1,1,1,1,1,1
P10231,UL47,LIG_WW_3,1,1,1,1,1,1,1
P10231,UL47,MOD_CK2_1,1,1,1,1,1,1,1
P10231,UL47,MOD_Cter_Amidation,1,1,1,1,1,1,1
P10231,UL47,MOD_GlcNHglycan,1,1,1,1,1,1,1
P10231,UL47,MOD_PIKK_1,1,1,1,1,1,1,0
P10231,UL47,MOD_PK_1,1,1,1,0,0,0,1
P10231,UL47,MOD_PKA_1,1,1,1,1,1,1,1
P10231,UL47,MOD_PKA_2,1,1,1,1,1,1,1
P10231,UL47,MOD_PKB_1,1,1,1,1,1,1,1
P10231,UL47,MOD_Plk_2-3,1,1,1,0,1,1,1
P10231,UL47,MOD_ProDKin_1,1,1,1,1,1,1,1
P10231,UL47,TRG_ER_diArg_1,1,1,1,1,1,1,1
P10233,UL49,CLV_NRD_NRD_1,1,1,1,1,1,1,1
P10233,UL49,CLV_PCSK_FUR_1,1,1,1,0,0,0,0
P10233,UL49,CLV_PCSK_KEX2_1,1,1,1,1,1,1,1
P10233,UL49,CLV_PCSK_SKI1_1,1,1,1,0,0,0,1
P10233,UL49,CLV_Separin_Metazoa,0,1,0,0,0,0,0
P10233,UL49,DOC_CKS1_1,1,1,1,1,1,1,1
P10233,UL49,DOC_MAPK_gen_1,1,1,0,0,0,0,1
P10233,UL49,DOC_USP7_MATH_1,1,1,1,1,1,1,1
P10233,UL49,LIG_14-3-3_CanoR_1,1,1,1,1,1,1,1
P10233,UL49,LIG_FHA_1,1,1,1,1,1,1,1
P10233,UL49,LIG_LIR_Apic_2,1,1,1,1,1,1,0
P10233,UL49,LIG_LIR_Gen_1,0,1,0,1,1,1,1
P10233,UL49,LIG_LIR_Nem_3,1,1,1,1,1,1,1
P10233,UL49,LIG_SH2_SRC,1,1,1,0,0,0,0
P10233,UL49,LIG_SH2_STAP1,0,1,0,0,1,1,1
P10233,UL49,LIG_SH2_STAT5,0,1,0,0,0,0,0
P10233,UL49,LIG_SH3_3,1,1,1,1,1,1,0
P10233,UL49,LIG_WD40_WDR5_VDV_2,1,1,1,1,1,1,1
P10233,UL49,MOD_CK1_1,1,1,1,0,0,0,1
P10233,UL49,MOD_CK2_1,1,1,1,1,1,1,1
P10233,UL49,MOD_Cter_Amidation,1,1,1,0,0,0,0
P10233,UL49,MOD_DYRK1A_RPxSP_1,0,1,0,1,0,0,0
P10233,UL49,MOD_GlcNHglycan,1,1,1,1,1,1,1
P10233,UL49,MOD_GSK3_1,1,1,1,1,1,1,1
P10233,UL49,MOD_PIKK_1,0,1,0,1,1,1,1
P10233,UL49,MOD_PKA_2,1,1,1,1,1,1,1
P10233,UL49,MOD_ProDKin_1,1,1,1,1,1,1,1
P10233,UL49,TRG_ENDOCYTIC_2,1,1,1,1,1,1,1
P10234,UL50,CLV_NRD_NRD_1,1,1,1,1,1,1,1
P10234,UL50,CLV_PCSK_KEX2_1,1,1,1,1,1,1,1
P10234,UL50,DOC_PP2B_LxvP_1,1,1,1,1,1,1,1
P10234,UL50,LIG_AP2alpha_2,1,1,1,0,0,0,1
P10234,UL50,LIG_FHA_1,1,1,1,1,1,1,1
P10234,UL50,LIG_MYND_1,1,1,0,0,0,0,0
P10234,UL50,LIG_PDZ_Class_1,1,1,1,1,0,1,1
P10234,UL50,LIG_SH3_3,1,1,1,1,1,1,1
P10234,UL50,MOD_CK1_1,0,1,0,1,1,1,1
P10234,UL50,MOD_NEK2_1,1,1,1,1,1,1,1
P10234,UL50,TRG_ER_diArg_1,1,1,1,1,1,1,1
P10235,UL51,DEG_SCF_FBW7_2,0,1,0,0,0,0,0
P10235,UL51,DOC_ANK_TNKS_1,0,1,0,1,0,0,0
P10235,UL51,DOC_CKS1_1,0,1,0,0,0,1,1
P10235,UL51,DOC_WW_Pin1_4,1,1,1,1,0,1,1
P10235,UL51,LIG_BIR_III_2,0,1,0,0,0,0,0
P10235,UL51,LIG_SH3_3,1,1,1,1,1,1,1
P10235,UL51,LIG_WD40_WDR5_VDV_2,1,1,1,1,1,1,1
P10235,UL51,MOD_GlcNHglycan,1,1,1,1,1,1,1
P10235,UL51,MOD_GSK3_1,1,1,1,1,1,1,1
P10235,UL51,MOD_Plk_1,0,1,1,0,0,0,0
P10235,UL51,MOD_ProDKin_1,1,1,1,1,0,1,1
P10236,UL52,CLV_NRD_NRD_1,1,1,1,1,1,1,1
P10236,UL52,CLV_PCSK_KEX2_1,1,1,1,1,1,1,1
P10236,UL52,DEG_SPOP_SBC_1,1,1,1,1,1,1,1
P10236,UL52,DOC_WW_Pin1_4,1,1,1,1,1,1,1
P10236,UL52,LIG_FHA_2,1,1,1,1,1,1,1
P10236,UL52,LIG_LIR_Nem_3,1,1,1,1,1,1,1
P10236,UL52,LIG_Pex14_1,0,1,0,0,0,0,0
P10236,UL52,LIG_SH2_NCK_1,1,1,1,1,1,1,1
P10236,UL52,LIG_SH2_SRC,1,1,1,1,1,1,1
P10236,UL52,LIG_SH2_STAT5,1,1,1,1,1,1,1
P10236,UL52,LIG_SH3_3,1,1,1,1,1,1,1
P10236,UL52,LIG_SH3_CIN85_PxpxPR_1,1,1,0,0,0,0,0
P10236,UL52,LIG_TYR_ITIM,1,1,1,1,1,1,1
P10236,UL52,LIG_WD40_WDR5_VDV_2,1,1,1,1,1,1,1
P10236,UL52,MOD_CK1_1,1,1,1,1,1,1,1
P10236,UL52,MOD_CK2_1,1,1,1,1,1,1,1
P10236,UL52,MOD_GlcNHglycan,1,1,1,1,1,1,1
P10236,UL52,MOD_GSK3_1,1,1,1,1,1,1,1
P10236,UL52,MOD_NMyristoyl,1,1,0,0,0,0,0
P10236,UL52,MOD_PIKK_1,1,1,1,1,1,1,1
P10236,UL52,MOD_PKA_2,1,1,1,1,1,1,1
P10236,UL52,MOD_ProDKin_1,1,1,1,1,1,1,1
P10236,UL52,TRG_ENDOCYTIC_2,1,1,1,1,1,1,1
P10238,UL54,CLV_C14_Caspase3-7,1,1,1,1,1,1,1
P10238,UL54,CLV_NRD_NRD_1,1,1,1,1,1,1,1
P10238,UL54,CLV_PCSK_FUR_1,1,1,1,1,1,1,1
P10238,UL54,CLV_PCSK_KEX2_1,1,1,1,1,1,1,1
P10238,UL54,CLV_PCSK_PC7_1,1,1,1,1,1,1,1
P10238,UL54,DEG_Kelch_Keap1_1,1,1,1,0,0,0,0
P10238,UL54,DOC_USP7_MATH_1,1,1,1,1,1,1,1
P10238,UL54,DOC_WW_Pin1_4,1,1,1,1,1,1,1
P10238,UL54,LIG_BIR_II_1,1,1,1,1,1,1,0
P10238,UL54,LIG_FHA_1,1,1,1,1,1,1,1
P10238,UL54,LIG_FHA_2,1,1,1,1,1,1,1
P10238,UL54,LIG_LIR_Gen_1,1,1,1,1,1,1,1
P10238,UL54,LIG_LIR_Nem_3,1,1,1,1,1,1,1
P10238,UL54,LIG_SH3_1,1,1,1,1,1,1,0
P10238,UL54,LIG_SH3_3,1,1,1,1,1,1,1
P10238,UL54,LIG_TRAF4_MATH_1,1,1,1,1,1,0,0
P10238,UL54,LIG_WD40_WDR5_VDV_2,1,1,1,1,1,1,1
P10238,UL54,MOD_Cter_Amidation,1,1,1,1,1,1,1
P10238,UL54,MOD_GlcNHglycan,1,1,1,1,1,1,1
P10238,UL54,MOD_PIKK_1,1,1,1,1,1,1,1
P10238,UL54,TRG_ER_diArg_1,1,1,1,1,1,1,1
P10238,UL54,TRG_NES_CRM1_1,1,1,1,1,1,1,0
P10240,UL56,CLV_NRD_NRD_1,1,1,1,1,1,1,1
P10240,UL56,CLV_PCSK_KEX2_1,1,1,1,1,1,1,1
P10240,UL56,DEG_SPOP_SBC_1,0,1,1,0,0,0,0
P10240,UL56,DOC_CKS1_1,1,1,1,0,0,0,1
P10240,UL56,DOC_CYCLIN_yCln2_LP_2,0,1,0,0,0,0,1
P10240,UL56,DOC_PP2B_LxvP_1,1,1,1,1,0,1,1
P10240,UL56,DOC_USP7_MATH_1,1,1,1,1,1,1,1
P10240,UL56,LIG_14-3-3_CanoR_1,1,1,1,1,1,1,1
P10240,UL56,LIG_BIR_II_1,1,1,1,1,1,1,0
P10240,UL56,LIG_FHA_1,1,1,1,0,0,0,1
P10240,UL56,LIG_LIR_Gen_1,1,1,1,1,1,1,1
P10240,UL56,LIG_LIR_Nem_3,1,1,1,1,1,1,1
P10240,UL56,LIG_SH2_CRK,1,1,1,1,1,1,1
P10240,UL56,LIG_SH2_STAP1,1,1,1,1,1,1,1
P10240,UL56,LIG_SH2_STAT3,1,1,1,0,0,0,0
P10240,UL56,LIG_SH3_3,1,1,1,1,1,1,1
P10240,UL56,LIG_SUMO_SIM_par_1,1,1,1,1,1,0,1
P10240,UL56,LIG_WD40_WDR5_VDV_2,1,1,1,1,1,1,1
P10240,UL56,MOD_GlcNHglycan,1,1,1,0,1,1,1
P10240,UL56,MOD_PIKK_1,0,1,0,0,1,1,1
P10240,UL56,TRG_ENDOCYTIC_2,1,1,1,1,1,1,1
P10240,UL56,TRG_ER_diArg_1,1,1,1,1,1,1,1
P32888,UL38,CLV_C14_Caspase3-7,1,1,0,1,0,0,1
P32888,UL38,CLV_NRD_NRD_1,1,1,1,1,1,1,1
P32888,UL38,CLV_PCSK_KEX2_1,1,1,1,1,1,1,1
P32888,UL38,DEG_Nend_UBRbox_1,1,1,1,1,1,1,0
P32888,UL38,DOC_ANK_TNKS_1,0,1,0,0,0,0,0
P32888,UL38,DOC_CKS1_1,0,1,0,1,1,1,0
P32888,UL38,DOC_MAPK_gen_1,1,1,1,1,1,1,1
P32888,UL38,DOC_USP7_MATH_1,1,1,1,1,1,1,1
P32888,UL38,DOC_WW_Pin1_4,1,1,1,1,1,1,1
P32888,UL38,LIG_14-3-3_CanoR_1,1,1,1,1,1,1,1
P32888,UL38,LIG_BIR_III_2,0,1,0,0,0,0,1
P32888,UL38,LIG_CaM_NSCaTE_8,0,1,0,0,0,0,0
P32888,UL38,LIG_Clathr_ClatBox_1,1,1,1,1,1,1,0
P32888,UL38,LIG_FHA_1,1,1,1,1,1,1,1
P32888,UL38,LIG_FHA_2,1,1,1,1,1,1,1
P32888,UL38,LIG_SH3_1,1,1,0,1,1,0,0
P32888,UL38,LIG_SH3_3,1,1,1,1,1,1,1
P32888,UL38,LIG_WD40_WDR5_VDV_2,1,1,1,1,1,1,1
P32888,UL38,MOD_CK2_1,1,1,1,1,1,1,1
P32888,UL38,MOD_GlcNHglycan,1,1,1,1,1,1,1
P32888,UL38,MOD_GSK3_1,1,1,1,1,1,1,1
P32888,UL38,MOD_PKA_2,1,1,1,1,1,1,1
P32888,UL38,MOD_Plk_4,1,1,1,1,1,1,1
P32888,UL38,MOD_ProDKin_1,1,1,1,1,1,1,1
P32888,UL38,TRG_ER_diArg_1,1,1,1,1,1,1,1
P68331,UL53,DEG_Nend_Nbox_1,1,1,1,1,1,1,1
P68331,UL53,DOC_USP7_MATH_1,1,1,1,1,1,1,1
P68331,UL53,DOC_USP7_UBL2_3,0,1,0,0,0,0,0
P68331,UL53,MOD_GlcNHglycan,1,1,1,1,1,1,1
P68331,UL53,MOD_GSK3_1,1,1,1,1,1,1,1
Q69091,US6,CLV_PCSK_KEX2_1,1,1,1,1,1,1,1
Q69091,US6,CLV_PCSK_PC1ET2_1,1,1,1,0,0,0,0
Q69091,US6,CLV_PCSK_SKI1_1,1,1,1,1,1,1,1
Q69091,US6,DEG_APCC_DBOX_1,1,1,1,0,0,0,0
Q69091,US6,DEG_SCF_FBW7_1,0,1,0,0,0,0,0
Q69091,US6,DOC_CKS1_1,0,1,0,1,1,1,1
Q69091,US6,DOC_MAPK_MEF2A_6,1,1,1,1,1,1,1
Q69091,US6,DOC_PP2A_B56_1,0,1,0,0,0,0,1
Q69091,US6,DOC_WW_Pin1_4,0,1,1,1,1,1,1
Q69091,US6,LIG_LIR_Apic_2,1,1,1,1,1,1,1
Q69091,US6,LIG_LIR_Gen_1,1,1,1,1,1,1,1
Q69091,US6,LIG_LIR_Nem_3,1,1,1,1,1,1,1
Q69091,US6,LIG_SH2_CRK,1,1,1,1,1,1,1
Q69091,US6,LIG_SH2_NCK_1,1,1,1,0,0,0,0
Q69091,US6,LIG_SH3_1,0,1,0,0,0,1,1
Q69091,US6,LIG_WD40_WDR5_VDV_2,1,1,1,1,1,1,1
Q69091,US6,MOD_CK2_1,1,1,1,1,1,1,1
Q69091,US6,MOD_GSK3_1,1,1,1,1,1,1,1
Q69091,US6,MOD_N-GLC_1,1,1,1,1,1,1,1
Q69091,US6,MOD_NMyristoyl,0,1,0,0,0,0,0
Q69091,US6,MOD_PIKK_1,1,1,1,1,1,1,1
Q69091,US6,MOD_Plk_1,1,1,1,1,1,1,1
Q69091,US6,MOD_ProDKin_1,0,1,1,1,1,1,1
Q69091,US6,TRG_ENDOCYTIC_2,1,1,1,1,1,1,1
Q69091,US6,TRG_ER_diArg_1,1,1,1,1,1,1,1
Q69091,US6,TRG_NLS_MonoExtN_4,1,1,1,0,0,0,0
