,target_protein,amino_acid,amino_acid_number,contact_acid_name,contact_acid_chain,contact_acid_number,contact_dist,virus,residual_dist
0,P01136,MET,1,SER*,A,2,1.3,vaccinia_wr,1
1,P01136,MET,1,MET,A,3,3.5,vaccinia_wr,2
2,P01136,MET,1,TYR*,A,5,5.9,vaccinia_wr,4
3,P01136,SER,2,MET*,A,1,1.3,vaccinia_wr,1
4,P01136,SER,2,MET*,A,3,1.3,vaccinia_wr,1
5,P01136,SER,2,LYS*,A,4,3.0,vaccinia_wr,2
6,P01136,SER,2,TYR*,A,5,2.8,vaccinia_wr,3
7,P01136,SER,2,LEU*,A,6,3.8,vaccinia_wr,4
8,P01136,MET,3,MET,A,1,3.5,vaccinia_wr,2
9,P01136,MET,3,SER*,A,2,1.3,vaccinia_wr,1
10,P01136,MET,3,LYS*,A,4,1.3,vaccinia_wr,1
11,P01136,MET,3,LEU*,A,6,3.2,vaccinia_wr,3
12,P01136,MET,3,MET*,A,7,3.0,vaccinia_wr,4
13,P01136,MET,3,CYS*,A,118,4.5,vaccinia_wr,115
14,P01136,MET,3,SER*,A,122,3.2,vaccinia_wr,119
15,P01136,LYS,4,SER*,A,2,4.1,vaccinia_wr,2
16,P01136,LYS,4,MET*,A,3,1.3,vaccinia_wr,1
17,P01136,LYS,4,TYR*,A,5,1.3,vaccinia_wr,1
18,P01136,LYS,4,MET*,A,7,3.5,vaccinia_wr,3
19,P01136,LYS,4,LEU*,A,8,3.0,vaccinia_wr,4
20,P01136,TYR,5,MET*,A,1,5.9,vaccinia_wr,4
21,P01136,TYR,5,SER*,A,2,2.8,vaccinia_wr,3
22,P01136,TYR,5,LYS*,A,4,1.3,vaccinia_wr,1
23,P01136,TYR,5,LEU*,A,6,1.3,vaccinia_wr,1
24,P01136,TYR,5,LEU*,A,8,3.2,vaccinia_wr,3
25,P01136,TYR,5,LEU*,A,9,2.6,vaccinia_wr,4
26,P01136,LEU,6,SER,A,2,3.8,vaccinia_wr,4
27,P01136,LEU,6,MET*,A,3,3.2,vaccinia_wr,3
28,P01136,LEU,6,TYR*,A,5,1.3,vaccinia_wr,1
29,P01136,LEU,6,MET*,A,7,1.3,vaccinia_wr,1
30,P01136,LEU,6,LEU*,A,9,3.4,vaccinia_wr,3
31,P01136,LEU,6,PHE*,A,10,2.9,vaccinia_wr,4
32,P01136,MET,7,MET*,A,3,3.0,vaccinia_wr,4
33,P01136,MET,7,LYS*,A,4,3.5,vaccinia_wr,3
34,P01136,MET,7,TYR,A,5,3.3,vaccinia_wr,2
35,P01136,MET,7,LEU*,A,6,1.3,vaccinia_wr,1
36,P01136,MET,7,LEU*,A,8,1.3,vaccinia_wr,1
37,P01136,MET,7,PHE*,A,10,3.5,vaccinia_wr,3
38,P01136,MET,7,ALA*,A,11,3.0,vaccinia_wr,4
39,P01136,MET,7,ILE*,A,115,3.1,vaccinia_wr,108
40,P01136,MET,7,CYS*,A,118,5.9,vaccinia_wr,111
41,P01136,MET,7,CYS*,A,119,3.1,vaccinia_wr,112
42,P01136,LEU,8,LYS*,A,4,3.0,vaccinia_wr,4
43,P01136,LEU,8,TYR*,A,5,3.2,vaccinia_wr,3
44,P01136,LEU,8,MET*,A,7,1.3,vaccinia_wr,1
45,P01136,LEU,8,LEU*,A,9,1.3,vaccinia_wr,1
46,P01136,LEU,8,ALA*,A,11,3.4,vaccinia_wr,3
47,P01136,LEU,8,ALA*,A,12,3.0,vaccinia_wr,4
48,P01136,LEU,9,TYR*,A,5,2.6,vaccinia_wr,4
49,P01136,LEU,9,LEU*,A,6,3.4,vaccinia_wr,3
50,P01136,LEU,9,LEU*,A,8,1.3,vaccinia_wr,1
51,P01136,LEU,9,PHE*,A,10,1.3,vaccinia_wr,1
52,P01136,LEU,9,ALA*,A,12,3.4,vaccinia_wr,3
53,P01136,LEU,9,MET*,A,13,3.0,vaccinia_wr,4
54,P01136,PHE,10,LEU*,A,6,2.9,vaccinia_wr,4
55,P01136,PHE,10,MET*,A,7,3.9,vaccinia_wr,3
56,P01136,PHE,10,LEU*,A,9,1.3,vaccinia_wr,1
57,P01136,PHE,10,ALA*,A,11,1.3,vaccinia_wr,1
58,P01136,PHE,10,MET*,A,13,3.2,vaccinia_wr,3
59,P01136,PHE,10,ILE*,A,14,2.4,vaccinia_wr,4
60,P01136,PHE,10,ILE*,A,115,5.0,vaccinia_wr,105
61,P01136,ALA,11,MET,A,7,3.0,vaccinia_wr,4
62,P01136,ALA,11,LEU*,A,8,3.7,vaccinia_wr,3
63,P01136,ALA,11,LEU,A,9,3.4,vaccinia_wr,2
64,P01136,ALA,11,PHE*,A,10,1.3,vaccinia_wr,1
65,P01136,ALA,11,ALA*,A,12,1.3,vaccinia_wr,1
66,P01136,ALA,11,ILE*,A,14,3.3,vaccinia_wr,3
67,P01136,ALA,11,ILE*,A,15,2.5,vaccinia_wr,4
68,P01136,ALA,11,ILE*,A,115,5.4,vaccinia_wr,104
69,P01136,ALA,12,LEU,A,8,3.0,vaccinia_wr,4
70,P01136,ALA,12,LEU*,A,9,3.6,vaccinia_wr,3
71,P01136,ALA,12,PHE,A,10,3.3,vaccinia_wr,2
72,P01136,ALA,12,ALA*,A,11,1.3,vaccinia_wr,1
73,P01136,ALA,12,MET*,A,13,1.3,vaccinia_wr,1
74,P01136,ALA,12,ILE*,A,15,3.4,vaccinia_wr,3
75,P01136,ALA,12,ARG*,A,16,3.1,vaccinia_wr,4
76,P01136,MET,13,LEU*,A,9,3.0,vaccinia_wr,4
77,P01136,MET,13,PHE*,A,10,3.2,vaccinia_wr,3
78,P01136,MET,13,ALA*,A,12,1.3,vaccinia_wr,1
79,P01136,MET,13,ILE*,A,14,1.3,vaccinia_wr,1
80,P01136,MET,13,ARG*,A,16,3.2,vaccinia_wr,3
81,P01136,MET,13,SER*,A,17,3.1,vaccinia_wr,4
82,P01136,ILE,14,PHE*,A,10,2.4,vaccinia_wr,4
83,P01136,ILE,14,ALA*,A,11,3.7,vaccinia_wr,3
84,P01136,ILE,14,MET*,A,13,1.3,vaccinia_wr,1
85,P01136,ILE,14,ILE*,A,15,1.3,vaccinia_wr,1
86,P01136,ILE,14,SER*,A,17,3.2,vaccinia_wr,3
87,P01136,ILE,14,PHE*,A,18,3.1,vaccinia_wr,4
88,P01136,ILE,14,LEU*,A,108,3.7,vaccinia_wr,94
89,P01136,ILE,14,VAL*,A,111,2.8,vaccinia_wr,97
90,P01136,ILE,14,ILE*,A,115,3.6,vaccinia_wr,101
91,P01136,ILE,15,ALA*,A,11,2.5,vaccinia_wr,4
92,P01136,ILE,15,ALA*,A,12,3.4,vaccinia_wr,3
93,P01136,ILE,15,ILE*,A,14,1.3,vaccinia_wr,1
94,P01136,ILE,15,ARG*,A,16,1.3,vaccinia_wr,1
95,P01136,ILE,15,PHE*,A,18,3.3,vaccinia_wr,3
96,P01136,ILE,15,ALA*,A,19,3.4,vaccinia_wr,4
97,P01136,ARG,16,ALA*,A,12,3.1,vaccinia_wr,4
98,P01136,ARG,16,MET*,A,13,3.2,vaccinia_wr,3
99,P01136,ARG,16,ILE*,A,15,1.3,vaccinia_wr,1
100,P01136,ARG,16,SER*,A,17,1.3,vaccinia_wr,1
101,P01136,ARG,16,ALA*,A,19,3.2,vaccinia_wr,3
102,P01136,ARG,16,ASP*,A,20,3.5,vaccinia_wr,4
103,P01136,SER,17,MET,A,13,3.1,vaccinia_wr,4
104,P01136,SER,17,ILE*,A,14,3.2,vaccinia_wr,3
105,P01136,SER,17,ARG*,A,16,1.3,vaccinia_wr,1
106,P01136,SER,17,PHE*,A,18,1.3,vaccinia_wr,1
107,P01136,SER,17,ALA,A,19,3.5,vaccinia_wr,2
108,P01136,SER,17,ASP*,A,20,3.5,vaccinia_wr,3
109,P01136,SER,17,SER*,A,21,3.2,vaccinia_wr,4
110,P01136,SER,17,LEU*,A,108,5.5,vaccinia_wr,91
111,P01136,PHE,18,ILE*,A,14,3.1,vaccinia_wr,4
112,P01136,PHE,18,ILE*,A,15,3.3,vaccinia_wr,3
113,P01136,PHE,18,ARG,A,16,3.3,vaccinia_wr,2
114,P01136,PHE,18,SER*,A,17,1.3,vaccinia_wr,1
115,P01136,PHE,18,ALA*,A,19,1.3,vaccinia_wr,1
116,P01136,PHE,18,SER*,A,21,3.5,vaccinia_wr,3
117,P01136,PHE,18,GLY*,A,22,4.4,vaccinia_wr,4
118,P01136,PHE,18,LEU*,A,108,2.9,vaccinia_wr,90
119,P01136,ALA,19,ILE*,A,15,3.4,vaccinia_wr,4
120,P01136,ALA,19,ARG*,A,16,3.2,vaccinia_wr,3
121,P01136,ALA,19,PHE*,A,18,1.3,vaccinia_wr,1
122,P01136,ALA,19,ASP*,A,20,1.3,vaccinia_wr,1
123,P01136,ALA,19,SER,A,21,3.4,vaccinia_wr,2
124,P01136,ALA,19,GLY*,A,22,3.9,vaccinia_wr,3
125,P01136,ASP,20,ARG,A,16,3.5,vaccinia_wr,4
126,P01136,ASP,20,SER*,A,17,3.5,vaccinia_wr,3
127,P01136,ASP,20,PHE,A,18,3.3,vaccinia_wr,2
128,P01136,ASP,20,ALA*,A,19,1.3,vaccinia_wr,1
129,P01136,ASP,20,SER*,A,21,1.3,vaccinia_wr,1
130,P01136,ASP,20,GLY,A,22,3.2,vaccinia_wr,2
131,P01136,ASP,20,ASN*,A,23,4.3,vaccinia_wr,3
132,P01136,SER,21,SER,A,17,3.2,vaccinia_wr,4
133,P01136,SER,21,PHE*,A,18,3.5,vaccinia_wr,3
134,P01136,SER,21,ALA,A,19,3.4,vaccinia_wr,2
135,P01136,SER,21,ASP*,A,20,1.3,vaccinia_wr,1
136,P01136,SER,21,GLY*,A,22,1.3,vaccinia_wr,1
137,P01136,SER,21,ASN,A,23,3.2,vaccinia_wr,2
138,P01136,SER,21,ALA*,A,24,4.1,vaccinia_wr,3
139,P01136,GLY,22,PHE,A,18,4.4,vaccinia_wr,4
140,P01136,GLY,22,ALA,A,19,3.9,vaccinia_wr,3
141,P01136,GLY,22,ASP,A,20,3.2,vaccinia_wr,2
142,P01136,GLY,22,SER*,A,21,1.3,vaccinia_wr,1
143,P01136,GLY,22,ASN*,A,23,1.3,vaccinia_wr,1
144,P01136,GLY,22,ALA,A,24,3.9,vaccinia_wr,2
145,P01136,GLY,22,ILE*,A,25,4.6,vaccinia_wr,3
146,P01136,ASN,23,ASP,A,20,4.3,vaccinia_wr,3
147,P01136,ASN,23,SER,A,21,3.2,vaccinia_wr,2
148,P01136,ASN,23,GLY*,A,22,1.3,vaccinia_wr,1
149,P01136,ASN,23,ALA*,A,24,1.3,vaccinia_wr,1
150,P01136,ASN,23,ILE*,A,25,3.7,vaccinia_wr,2
151,P01136,ALA,24,SER*,A,21,4.1,vaccinia_wr,3
152,P01136,ALA,24,GLY,A,22,3.9,vaccinia_wr,2
153,P01136,ALA,24,ASN*,A,23,1.3,vaccinia_wr,1
154,P01136,ALA,24,ILE*,A,25,1.3,vaccinia_wr,1
155,P01136,ALA,24,GLU*,A,26,3.0,vaccinia_wr,2
156,P01136,ILE,25,GLY,A,22,4.6,vaccinia_wr,3
157,P01136,ILE,25,ASN*,A,23,3.7,vaccinia_wr,2
158,P01136,ILE,25,ALA*,A,24,1.3,vaccinia_wr,1
159,P01136,ILE,25,GLU*,A,26,1.3,vaccinia_wr,1
160,P01136,ILE,25,THR*,A,27,3.2,vaccinia_wr,2
161,P01136,GLU,26,ALA*,A,24,3.0,vaccinia_wr,2
162,P01136,GLU,26,ILE*,A,25,1.3,vaccinia_wr,1
163,P01136,GLU,26,THR*,A,27,1.3,vaccinia_wr,1
164,P01136,GLU,26,THR*,A,28,2.8,vaccinia_wr,2
165,P01136,THR,27,ILE*,A,25,3.2,vaccinia_wr,2
166,P01136,THR,27,GLU*,A,26,1.3,vaccinia_wr,1
167,P01136,THR,27,THR*,A,28,1.3,vaccinia_wr,1
168,P01136,THR,27,SER*,A,29,2.9,vaccinia_wr,2
169,P01136,THR,28,GLU*,A,26,2.8,vaccinia_wr,2
170,P01136,THR,28,THR*,A,27,1.3,vaccinia_wr,1
171,P01136,THR,28,SER*,A,29,1.3,vaccinia_wr,1
172,P01136,THR,28,PRO*,A,30,3.5,vaccinia_wr,2
173,P01136,SER,29,THR*,A,27,2.9,vaccinia_wr,2
174,P01136,SER,29,THR*,A,28,1.3,vaccinia_wr,1
175,P01136,SER,29,PRO*,A,30,1.3,vaccinia_wr,1
176,P01136,SER,29,GLU*,A,31,3.3,vaccinia_wr,2
177,P01136,PRO,30,THR,A,28,4.1,vaccinia_wr,2
178,P01136,PRO,30,SER*,A,29,1.3,vaccinia_wr,1
179,P01136,PRO,30,GLU*,A,31,1.3,vaccinia_wr,1
180,P01136,PRO,30,ILE,A,32,4.1,vaccinia_wr,2
181,P01136,GLU,31,SER,A,29,3.3,vaccinia_wr,2
182,P01136,GLU,31,PRO*,A,30,1.3,vaccinia_wr,1
183,P01136,GLU,31,ILE*,A,32,1.3,vaccinia_wr,1
184,P01136,ILE,32,PRO,A,30,4.1,vaccinia_wr,2
185,P01136,ILE,32,GLU*,A,31,1.3,vaccinia_wr,1
186,P01136,ILE,32,THR*,A,33,1.3,vaccinia_wr,1
187,P01136,ILE,32,ASN*,A,34,3.6,vaccinia_wr,2
188,P01136,THR,33,ILE*,A,32,1.3,vaccinia_wr,1
189,P01136,THR,33,ASN*,A,34,1.3,vaccinia_wr,1
190,P01136,ASN,34,ILE*,A,32,3.6,vaccinia_wr,2
191,P01136,ASN,34,THR*,A,33,1.3,vaccinia_wr,1
192,P01136,ASN,34,ALA*,A,35,1.3,vaccinia_wr,1
193,P01136,ALA,35,ASN*,A,34,1.3,vaccinia_wr,1
194,P01136,ALA,35,THR*,A,36,1.3,vaccinia_wr,1
195,P01136,ALA,35,THR*,A,37,5.6,vaccinia_wr,2
196,P01136,THR,36,ALA*,A,35,1.3,vaccinia_wr,1
197,P01136,THR,36,THR*,A,37,1.3,vaccinia_wr,1
198,P01136,THR,36,ASP*,A,38,2.9,vaccinia_wr,2
199,P01136,THR,36,ILE*,A,39,3.1,vaccinia_wr,3
200,P01136,THR,37,ALA*,A,35,5.1,vaccinia_wr,2
201,P01136,THR,37,THR*,A,36,1.3,vaccinia_wr,1
202,P01136,THR,37,ASP*,A,38,1.3,vaccinia_wr,1
203,P01136,THR,37,ILE*,A,39,5.1,vaccinia_wr,2
204,P01136,ASP,38,THR*,A,36,2.9,vaccinia_wr,2
205,P01136,ASP,38,THR*,A,37,1.3,vaccinia_wr,1
206,P01136,ASP,38,ILE*,A,39,1.3,vaccinia_wr,1
207,P01136,ASP,38,PRO*,A,40,3.1,vaccinia_wr,2
208,P01136,ILE,39,THR*,A,36,3.1,vaccinia_wr,3
209,P01136,ILE,39,THR*,A,37,5.1,vaccinia_wr,2
210,P01136,ILE,39,ASP*,A,38,1.3,vaccinia_wr,1
211,P01136,ILE,39,PRO*,A,40,1.3,vaccinia_wr,1
212,P01136,ILE,39,ALA*,A,41,3.0,vaccinia_wr,2
213,P01136,ILE,39,ILE*,A,42,4.3,vaccinia_wr,3
214,P01136,PRO,40,ASP,A,38,3.1,vaccinia_wr,2
215,P01136,PRO,40,ILE*,A,39,1.3,vaccinia_wr,1
216,P01136,PRO,40,ALA*,A,41,1.3,vaccinia_wr,1
217,P01136,PRO,40,ILE*,A,42,2.5,vaccinia_wr,2
218,P01136,PRO,40,ALA*,A,61,5.2,vaccinia_wr,21
219,P01136,PRO,40,ARG,A,62,5.3,vaccinia_wr,22
220,P01136,PRO,40,ASP*,A,63,3.4,vaccinia_wr,23
221,P01136,ALA,41,ILE*,A,39,3.0,vaccinia_wr,2
222,P01136,ALA,41,PRO*,A,40,1.3,vaccinia_wr,1
223,P01136,ALA,41,ILE*,A,42,1.3,vaccinia_wr,1
224,P01136,ALA,41,ARG*,A,43,3.9,vaccinia_wr,2
225,P01136,ALA,41,HIS,A,60,3.8,vaccinia_wr,19
226,P01136,ALA,41,ALA,A,61,4.2,vaccinia_wr,20
227,P01136,ALA,41,ARG*,A,62,3.3,vaccinia_wr,21
228,P01136,ILE,42,ILE*,A,39,4.3,vaccinia_wr,3
229,P01136,ILE,42,PRO*,A,40,2.5,vaccinia_wr,2
230,P01136,ILE,42,ALA*,A,41,1.3,vaccinia_wr,1
231,P01136,ILE,42,ARG*,A,43,1.3,vaccinia_wr,1
232,P01136,ILE,42,LEU*,A,44,4.6,vaccinia_wr,2
233,P01136,ILE,42,ILE*,A,59,2.5,vaccinia_wr,17
234,P01136,ILE,42,HIS,A,60,3.4,vaccinia_wr,18
235,P01136,ILE,42,ALA*,A,61,4.6,vaccinia_wr,19
236,P01136,ILE,42,ARG*,A,70,5.3,vaccinia_wr,28
237,P01136,ARG,43,ALA*,A,41,4.8,vaccinia_wr,2
238,P01136,ARG,43,ILE*,A,42,1.3,vaccinia_wr,1
239,P01136,ARG,43,LEU*,A,44,1.3,vaccinia_wr,1
240,P01136,ARG,43,ILE*,A,59,3.3,vaccinia_wr,16
241,P01136,ARG,43,HIS*,A,60,2.8,vaccinia_wr,17
242,P01136,ARG,43,ARG*,A,62,2.9,vaccinia_wr,19
243,P01136,LEU,44,ILE*,A,42,4.6,vaccinia_wr,2
244,P01136,LEU,44,ARG*,A,43,1.3,vaccinia_wr,1
245,P01136,LEU,44,CYS*,A,45,1.3,vaccinia_wr,1
246,P01136,LEU,44,GLY,A,46,3.8,vaccinia_wr,2
247,P01136,LEU,44,ASP*,A,57,5.9,vaccinia_wr,13
248,P01136,LEU,44,CYS,A,58,3.7,vaccinia_wr,14
249,P01136,LEU,44,ILE*,A,59,3.8,vaccinia_wr,15
250,P01136,LEU,44,HIS*,A,60,4.7,vaccinia_wr,16
251,P01136,CYS,45,LEU*,A,44,1.3,vaccinia_wr,1
252,P01136,CYS,45,GLY*,A,46,1.3,vaccinia_wr,1
253,P01136,CYS,45,GLY*,A,49,4.0,vaccinia_wr,4
254,P01136,CYS,45,CYS*,A,58,2.0,vaccinia_wr,13
255,P01136,CYS,45,ILE,A,59,3.3,vaccinia_wr,14
256,P01136,CYS,45,HIS*,A,60,3.9,vaccinia_wr,15
257,P01136,CYS,45,MET*,A,67,4.2,vaccinia_wr,22
258,P01136,GLY,46,LEU,A,44,3.8,vaccinia_wr,2
259,P01136,GLY,46,CYS*,A,45,1.3,vaccinia_wr,1
260,P01136,GLY,46,PRO*,A,47,1.3,vaccinia_wr,1
261,P01136,GLY,46,GLU*,A,48,3.0,vaccinia_wr,2
262,P01136,GLY,46,GLY*,A,49,3.0,vaccinia_wr,3
263,P01136,GLY,46,ASP*,A,50,4.0,vaccinia_wr,4
264,P01136,GLY,46,HIS*,A,60,4.8,vaccinia_wr,14
265,P01136,PRO,47,GLY*,A,46,1.3,vaccinia_wr,1
266,P01136,PRO,47,GLU*,A,48,1.3,vaccinia_wr,1
267,P01136,PRO,47,GLY,A,49,3.2,vaccinia_wr,2
268,P01136,PRO,47,ASP*,A,50,3.3,vaccinia_wr,3
269,P01136,GLU,48,GLY*,A,46,3.0,vaccinia_wr,2
270,P01136,GLU,48,PRO*,A,47,1.3,vaccinia_wr,1
271,P01136,GLU,48,GLY*,A,49,1.3,vaccinia_wr,1
272,P01136,GLU,48,ASP,A,50,3.4,vaccinia_wr,2
273,P01136,GLU,48,TYR*,A,52,5.2,vaccinia_wr,4
274,P01136,GLU,48,HIS*,A,60,3.4,vaccinia_wr,12
275,P01136,GLU,48,MET*,A,67,3.3,vaccinia_wr,19
276,P01136,GLY,49,CYS*,A,45,4.0,vaccinia_wr,4
277,P01136,GLY,49,GLY,A,46,3.0,vaccinia_wr,3
278,P01136,GLY,49,GLU*,A,48,1.3,vaccinia_wr,1
279,P01136,GLY,49,ASP*,A,50,1.3,vaccinia_wr,1
280,P01136,GLY,49,GLY,A,51,3.2,vaccinia_wr,2
281,P01136,GLY,49,TYR*,A,52,2.9,vaccinia_wr,3
282,P01136,GLY,49,CYS,A,53,4.4,vaccinia_wr,4
283,P01136,GLY,49,CYS*,A,58,4.0,vaccinia_wr,9
284,P01136,GLY,49,MET*,A,67,3.9,vaccinia_wr,18
285,P01136,ASP,50,GLY,A,46,4.3,vaccinia_wr,4
286,P01136,ASP,50,PRO*,A,47,3.3,vaccinia_wr,3
287,P01136,ASP,50,GLU,A,48,3.4,vaccinia_wr,2
288,P01136,ASP,50,GLY*,A,49,1.3,vaccinia_wr,1
289,P01136,ASP,50,GLY*,A,51,1.3,vaccinia_wr,1
290,P01136,ASP,50,TYR,A,52,3.3,vaccinia_wr,2
291,P01136,GLY,51,GLY,A,49,3.2,vaccinia_wr,2
292,P01136,GLY,51,ASP*,A,50,1.3,vaccinia_wr,1
293,P01136,GLY,51,TYR*,A,52,1.3,vaccinia_wr,1
294,P01136,GLY,51,CYS,A,53,3.4,vaccinia_wr,2
295,P01136,GLY,51,LEU*,A,54,4.5,vaccinia_wr,3
296,P01136,GLY,51,ARG*,A,79,2.8,vaccinia_wr,28
297,P01136,TYR,52,GLU,A,48,5.2,vaccinia_wr,4
298,P01136,TYR,52,GLY*,A,49,2.9,vaccinia_wr,3
299,P01136,TYR,52,ASP,A,50,3.2,vaccinia_wr,2
300,P01136,TYR,52,GLY*,A,51,1.3,vaccinia_wr,1
301,P01136,TYR,52,CYS*,A,53,1.3,vaccinia_wr,1
302,P01136,TYR,52,LEU,A,54,3.8,vaccinia_wr,2
303,P01136,TYR,52,CYS*,A,58,4.3,vaccinia_wr,6
304,P01136,TYR,52,MET*,A,67,3.6,vaccinia_wr,15
305,P01136,TYR,52,TYR*,A,68,4.5,vaccinia_wr,16
306,P01136,TYR,52,CYS*,A,69,3.5,vaccinia_wr,17
307,P01136,TYR,52,ILE*,A,78,2.9,vaccinia_wr,26
308,P01136,TYR,52,ARG*,A,79,2.7,vaccinia_wr,27
309,P01136,CYS,53,GLY,A,49,4.4,vaccinia_wr,4
310,P01136,CYS,53,GLY*,A,51,4.1,vaccinia_wr,2
311,P01136,CYS,53,TYR*,A,52,1.3,vaccinia_wr,1
312,P01136,CYS,53,LEU*,A,54,1.3,vaccinia_wr,1
313,P01136,CYS,53,GLY,A,56,3.4,vaccinia_wr,3
314,P01136,CYS,53,ASP,A,57,3.8,vaccinia_wr,4
315,P01136,CYS,53,CYS*,A,58,3.5,vaccinia_wr,5
316,P01136,CYS,53,TYR,A,68,4.0,vaccinia_wr,15
317,P01136,CYS,53,CYS*,A,69,2.0,vaccinia_wr,16
318,P01136,CYS,53,ARG,A,79,3.9,vaccinia_wr,26
319,P01136,CYS,53,CYS*,A,80,5.0,vaccinia_wr,27
320,P01136,LEU,54,GLY*,A,51,4.5,vaccinia_wr,3
321,P01136,LEU,54,TYR,A,52,3.8,vaccinia_wr,2
322,P01136,LEU,54,CYS*,A,53,1.3,vaccinia_wr,1
323,P01136,LEU,54,HIS*,A,55,1.3,vaccinia_wr,1
324,P01136,LEU,54,GLY,A,56,3.9,vaccinia_wr,2
325,P01136,LEU,54,ARG*,A,79,3.0,vaccinia_wr,25
326,P01136,LEU,54,GLN*,A,81,2.9,vaccinia_wr,27
327,P01136,HIS,55,LEU*,A,54,1.3,vaccinia_wr,1
328,P01136,HIS,55,GLY*,A,56,1.3,vaccinia_wr,1
329,P01136,HIS,55,SER*,A,72,2.9,vaccinia_wr,17
330,P01136,HIS,55,TYR*,A,75,3.2,vaccinia_wr,20
331,P01136,HIS,55,CYS*,A,80,3.0,vaccinia_wr,25
332,P01136,HIS,55,GLN,A,81,5.2,vaccinia_wr,26
333,P01136,HIS,55,VAL*,A,83,5.5,vaccinia_wr,28
334,P01136,GLY,56,CYS*,A,53,3.4,vaccinia_wr,3
335,P01136,GLY,56,LEU,A,54,3.9,vaccinia_wr,2
336,P01136,GLY,56,HIS*,A,55,1.3,vaccinia_wr,1
337,P01136,GLY,56,ASP*,A,57,1.3,vaccinia_wr,1
338,P01136,GLY,56,CYS,A,58,4.0,vaccinia_wr,2
339,P01136,GLY,56,ARG,A,70,3.1,vaccinia_wr,14
340,P01136,GLY,56,CYS*,A,71,4.2,vaccinia_wr,15
341,P01136,GLY,56,SER*,A,72,3.9,vaccinia_wr,16
342,P01136,GLY,56,CYS*,A,80,4.5,vaccinia_wr,24
343,P01136,ASP,57,LEU*,A,44,5.9,vaccinia_wr,13
344,P01136,ASP,57,CYS*,A,53,3.9,vaccinia_wr,4
345,P01136,ASP,57,GLY*,A,56,1.3,vaccinia_wr,1
346,P01136,ASP,57,CYS*,A,58,1.3,vaccinia_wr,1
347,P01136,ASP,57,ILE*,A,59,3.1,vaccinia_wr,2
348,P01136,ASP,57,CYS*,A,69,3.5,vaccinia_wr,12
349,P01136,ASP,57,ARG*,A,70,2.8,vaccinia_wr,13
350,P01136,CYS,58,LEU*,A,44,3.7,vaccinia_wr,14
351,P01136,CYS,58,CYS*,A,45,2.0,vaccinia_wr,13
352,P01136,CYS,58,GLY*,A,49,4.0,vaccinia_wr,9
353,P01136,CYS,58,TYR*,A,52,4.3,vaccinia_wr,6
354,P01136,CYS,58,CYS*,A,53,3.5,vaccinia_wr,5
355,P01136,CYS,58,GLY,A,56,4.0,vaccinia_wr,2
356,P01136,CYS,58,ASP*,A,57,1.3,vaccinia_wr,1
357,P01136,CYS,58,ILE*,A,59,1.3,vaccinia_wr,1
358,P01136,CYS,58,MET*,A,67,4.1,vaccinia_wr,9
359,P01136,CYS,58,TYR,A,68,3.5,vaccinia_wr,10
360,P01136,ILE,59,ILE*,A,42,2.5,vaccinia_wr,17
361,P01136,ILE,59,ARG,A,43,3.3,vaccinia_wr,16
362,P01136,ILE,59,LEU*,A,44,3.8,vaccinia_wr,15
363,P01136,ILE,59,CYS*,A,45,3.3,vaccinia_wr,14
364,P01136,ILE,59,ASP*,A,57,3.1,vaccinia_wr,2
365,P01136,ILE,59,CYS*,A,58,1.3,vaccinia_wr,1
366,P01136,ILE,59,HIS*,A,60,1.3,vaccinia_wr,1
367,P01136,ILE,59,ALA*,A,61,4.7,vaccinia_wr,2
368,P01136,ILE,59,MET*,A,67,3.8,vaccinia_wr,8
369,P01136,ILE,59,TYR*,A,68,2.7,vaccinia_wr,9
370,P01136,ILE,59,CYS,A,69,4.7,vaccinia_wr,10
371,P01136,ILE,59,ARG*,A,70,3.7,vaccinia_wr,11
372,P01136,HIS,60,ALA,A,41,3.8,vaccinia_wr,19
373,P01136,HIS,60,ILE*,A,42,3.4,vaccinia_wr,18
374,P01136,HIS,60,ARG*,A,43,2.8,vaccinia_wr,17
375,P01136,HIS,60,LEU,A,44,4.7,vaccinia_wr,16
376,P01136,HIS,60,CYS*,A,45,3.9,vaccinia_wr,15
377,P01136,HIS,60,GLY,A,46,4.9,vaccinia_wr,14
378,P01136,HIS,60,GLU*,A,48,3.4,vaccinia_wr,12
379,P01136,HIS,60,ILE*,A,59,1.3,vaccinia_wr,1
380,P01136,HIS,60,ALA*,A,61,1.3,vaccinia_wr,1
381,P01136,HIS,60,ARG*,A,62,3.9,vaccinia_wr,2
382,P01136,HIS,60,GLY,A,66,3.2,vaccinia_wr,6
383,P01136,HIS,60,MET*,A,67,3.0,vaccinia_wr,7
384,P01136,ALA,61,PRO*,A,40,5.2,vaccinia_wr,21
385,P01136,ALA,61,ALA,A,41,4.2,vaccinia_wr,20
386,P01136,ALA,61,ILE*,A,42,4.5,vaccinia_wr,19
387,P01136,ALA,61,ILE*,A,59,4.2,vaccinia_wr,2
388,P01136,ALA,61,HIS*,A,60,1.3,vaccinia_wr,1
389,P01136,ALA,61,ARG*,A,62,1.3,vaccinia_wr,1
390,P01136,ALA,61,ASP,A,63,4.5,vaccinia_wr,2
391,P01136,ALA,61,ILE*,A,64,2.9,vaccinia_wr,3
392,P01136,ALA,61,GLY,A,66,4.3,vaccinia_wr,5
393,P01136,ALA,61,TYR*,A,68,4.3,vaccinia_wr,7
394,P01136,ARG,62,PRO*,A,40,5.3,vaccinia_wr,22
395,P01136,ARG,62,ALA*,A,41,3.3,vaccinia_wr,21
396,P01136,ARG,62,ARG*,A,43,2.9,vaccinia_wr,19
397,P01136,ARG,62,HIS*,A,60,5.8,vaccinia_wr,2
398,P01136,ARG,62,ALA*,A,61,1.3,vaccinia_wr,1
399,P01136,ARG,62,ASP*,A,63,1.3,vaccinia_wr,1
400,P01136,ARG,62,ILE,A,64,3.6,vaccinia_wr,2
401,P01136,ARG,62,ASP,A,65,5.3,vaccinia_wr,3
402,P01136,ASP,63,PRO*,A,40,3.4,vaccinia_wr,23
403,P01136,ASP,63,ALA*,A,61,3.3,vaccinia_wr,2
404,P01136,ASP,63,ARG*,A,62,1.3,vaccinia_wr,1
405,P01136,ASP,63,ILE*,A,64,1.3,vaccinia_wr,1
406,P01136,ASP,63,ASP,A,65,4.3,vaccinia_wr,2
407,P01136,ILE,64,ALA*,A,61,2.9,vaccinia_wr,3
408,P01136,ILE,64,ARG,A,62,3.4,vaccinia_wr,2
409,P01136,ILE,64,ASP*,A,63,1.3,vaccinia_wr,1
410,P01136,ILE,64,ASP*,A,65,1.3,vaccinia_wr,1
411,P01136,ILE,64,GLY,A,66,3.1,vaccinia_wr,2
412,P01136,ILE,64,TYR*,A,68,2.5,vaccinia_wr,4
413,P01136,ASP,65,ASP,A,63,4.3,vaccinia_wr,2
414,P01136,ASP,65,ILE*,A,64,1.3,vaccinia_wr,1
415,P01136,ASP,65,GLY*,A,66,1.3,vaccinia_wr,1
416,P01136,ASP,65,TYR*,A,68,4.7,vaccinia_wr,3
417,P01136,GLY,66,HIS*,A,60,3.2,vaccinia_wr,6
418,P01136,GLY,66,ILE*,A,64,3.1,vaccinia_wr,2
419,P01136,GLY,66,ASP*,A,65,1.3,vaccinia_wr,1
420,P01136,GLY,66,MET*,A,67,1.3,vaccinia_wr,1
421,P01136,GLY,66,TYR*,A,68,3.4,vaccinia_wr,2
422,P01136,MET,67,CYS*,A,45,4.2,vaccinia_wr,22
423,P01136,MET,67,GLU*,A,48,3.3,vaccinia_wr,19
424,P01136,MET,67,GLY*,A,49,3.9,vaccinia_wr,18
425,P01136,MET,67,TYR*,A,52,3.6,vaccinia_wr,15
426,P01136,MET,67,CYS*,A,58,4.1,vaccinia_wr,9
427,P01136,MET,67,ILE,A,59,3.8,vaccinia_wr,8
428,P01136,MET,67,HIS*,A,60,3.0,vaccinia_wr,7
429,P01136,MET,67,GLY*,A,66,1.3,vaccinia_wr,1
430,P01136,MET,67,TYR*,A,68,1.3,vaccinia_wr,1
431,P01136,MET,67,ILE*,A,78,5.0,vaccinia_wr,11
432,P01136,TYR,68,TYR*,A,52,4.7,vaccinia_wr,16
433,P01136,TYR,68,CYS*,A,53,4.0,vaccinia_wr,15
434,P01136,TYR,68,CYS*,A,58,3.5,vaccinia_wr,10
435,P01136,TYR,68,ILE*,A,59,2.7,vaccinia_wr,9
436,P01136,TYR,68,ALA*,A,61,4.3,vaccinia_wr,7
437,P01136,TYR,68,ILE*,A,64,2.5,vaccinia_wr,4
438,P01136,TYR,68,ASP,A,65,4.7,vaccinia_wr,3
439,P01136,TYR,68,GLY*,A,66,3.4,vaccinia_wr,2
440,P01136,TYR,68,MET*,A,67,1.3,vaccinia_wr,1
441,P01136,TYR,68,CYS*,A,69,1.3,vaccinia_wr,1
442,P01136,TYR,68,ILE*,A,78,5.4,vaccinia_wr,10
443,P01136,CYS,69,TYR*,A,52,3.5,vaccinia_wr,17
444,P01136,CYS,69,CYS*,A,53,2.0,vaccinia_wr,16
445,P01136,CYS,69,ASP,A,57,3.5,vaccinia_wr,12
446,P01136,CYS,69,ILE*,A,59,4.0,vaccinia_wr,10
447,P01136,CYS,69,TYR*,A,68,1.3,vaccinia_wr,1
448,P01136,CYS,69,ARG*,A,70,1.3,vaccinia_wr,1
449,P01136,CYS,69,CYS*,A,71,3.5,vaccinia_wr,2
450,P01136,CYS,69,ILE,A,78,3.4,vaccinia_wr,9
451,P01136,CYS,69,ARG*,A,79,3.9,vaccinia_wr,10
452,P01136,CYS,69,CYS*,A,80,3.5,vaccinia_wr,11
453,P01136,ARG,70,ILE*,A,42,5.3,vaccinia_wr,28
454,P01136,ARG,70,GLY*,A,56,3.1,vaccinia_wr,14
455,P01136,ARG,70,ASP*,A,57,2.8,vaccinia_wr,13
456,P01136,ARG,70,ILE*,A,59,3.7,vaccinia_wr,11
457,P01136,ARG,70,CYS*,A,69,1.3,vaccinia_wr,1
458,P01136,ARG,70,CYS*,A,71,1.3,vaccinia_wr,1
459,P01136,CYS,71,HIS,A,55,3.7,vaccinia_wr,16
460,P01136,CYS,71,CYS,A,69,3.5,vaccinia_wr,2
461,P01136,CYS,71,ARG*,A,70,1.3,vaccinia_wr,1
462,P01136,CYS,71,SER*,A,72,1.3,vaccinia_wr,1
463,P01136,CYS,71,HIS,A,73,3.9,vaccinia_wr,2
464,P01136,CYS,71,TYR,A,75,3.3,vaccinia_wr,4
465,P01136,CYS,71,THR*,A,76,4.1,vaccinia_wr,5
466,P01136,CYS,71,GLY,A,77,3.6,vaccinia_wr,6
467,P01136,CYS,71,CYS*,A,80,2.0,vaccinia_wr,9
468,P01136,SER,72,HIS*,A,55,2.9,vaccinia_wr,17
469,P01136,SER,72,GLY*,A,56,3.9,vaccinia_wr,16
470,P01136,SER,72,ARG,A,70,3.7,vaccinia_wr,2
471,P01136,SER,72,CYS*,A,71,1.3,vaccinia_wr,1
472,P01136,SER,72,HIS*,A,73,1.3,vaccinia_wr,1
473,P01136,SER,72,GLY,A,74,3.3,vaccinia_wr,2
474,P01136,SER,72,TYR*,A,75,3.0,vaccinia_wr,3
475,P01136,HIS,73,CYS,A,71,3.9,vaccinia_wr,2
476,P01136,HIS,73,SER*,A,72,1.3,vaccinia_wr,1
477,P01136,HIS,73,GLY*,A,74,1.3,vaccinia_wr,1
478,P01136,HIS,73,TYR*,A,75,3.6,vaccinia_wr,2
479,P01136,HIS,73,VAL*,A,86,4.4,vaccinia_wr,13
480,P01136,HIS,73,GLU*,A,92,4.7,vaccinia_wr,19
481,P01136,HIS,73,PRO*,A,94,4.0,vaccinia_wr,21
482,P01136,GLY,74,SER,A,72,3.3,vaccinia_wr,2
483,P01136,GLY,74,HIS*,A,73,1.3,vaccinia_wr,1
484,P01136,GLY,74,TYR*,A,75,1.3,vaccinia_wr,1
485,P01136,GLY,74,VAL*,A,83,2.8,vaccinia_wr,9
486,P01136,GLY,74,VAL*,A,84,2.8,vaccinia_wr,10
487,P01136,GLY,74,VAL*,A,86,4.8,vaccinia_wr,12
489,P01136,THR,76,CYS*,A,71,4.1,vaccinia_wr,5
490,P01136,THR,76,TYR*,A,75,1.3,vaccinia_wr,1
491,P01136,THR,76,GLY*,A,77,1.3,vaccinia_wr,1
492,P01136,THR,76,CYS*,A,80,3.9,vaccinia_wr,4
493,P01136,THR,76,GLN,A,81,3.3,vaccinia_wr,5
494,P01136,THR,76,HIS*,A,82,2.8,vaccinia_wr,6
495,P01136,THR,76,VAL,A,83,3.9,vaccinia_wr,7
496,P01136,THR,76,VAL*,A,84,2.4,vaccinia_wr,8
497,P01136,GLY,77,CYS*,A,69,5.1,vaccinia_wr,8
498,P01136,GLY,77,CYS*,A,71,3.6,vaccinia_wr,6
499,P01136,GLY,77,THR*,A,76,1.3,vaccinia_wr,1
500,P01136,GLY,77,ILE*,A,78,1.3,vaccinia_wr,1
501,P01136,GLY,77,ARG,A,79,3.2,vaccinia_wr,2
502,P01136,GLY,77,CYS,A,80,3.1,vaccinia_wr,3
503,P01136,GLY,77,GLN*,A,81,3.7,vaccinia_wr,4
504,P01136,GLY,77,HIS*,A,82,4.3,vaccinia_wr,5
505,P01136,ILE,78,TYR*,A,52,2.9,vaccinia_wr,26
506,P01136,ILE,78,MET,A,67,5.0,vaccinia_wr,11
507,P01136,ILE,78,TYR*,A,68,5.5,vaccinia_wr,10
508,P01136,ILE,78,CYS*,A,69,3.4,vaccinia_wr,9
509,P01136,ILE,78,GLY*,A,77,1.3,vaccinia_wr,1
510,P01136,ILE,78,ARG*,A,79,1.3,vaccinia_wr,1
511,P01136,ILE,78,GLN*,A,81,3.4,vaccinia_wr,3
512,P01136,ARG,79,GLY,A,51,2.8,vaccinia_wr,28
513,P01136,ARG,79,TYR*,A,52,2.7,vaccinia_wr,27
514,P01136,ARG,79,LEU*,A,54,3.0,vaccinia_wr,25
515,P01136,ARG,79,CYS*,A,69,3.9,vaccinia_wr,10
516,P01136,ARG,79,ILE*,A,78,1.3,vaccinia_wr,1
517,P01136,ARG,79,CYS*,A,80,1.3,vaccinia_wr,1
518,P01136,ARG,79,GLN*,A,81,3.0,vaccinia_wr,2
519,P01136,CYS,80,CYS*,A,53,5.0,vaccinia_wr,27
520,P01136,CYS,80,HIS*,A,55,3.0,vaccinia_wr,25
521,P01136,CYS,80,GLY*,A,56,4.5,vaccinia_wr,24
522,P01136,CYS,80,CYS*,A,69,3.5,vaccinia_wr,11
523,P01136,CYS,80,ARG,A,70,4.2,vaccinia_wr,10
524,P01136,CYS,80,CYS*,A,71,2.0,vaccinia_wr,9
525,P01136,CYS,80,TYR*,A,75,3.7,vaccinia_wr,5
526,P01136,CYS,80,THR,A,76,3.3,vaccinia_wr,4
527,P01136,CYS,80,GLY,A,77,3.1,vaccinia_wr,3
528,P01136,CYS,80,ARG*,A,79,1.3,vaccinia_wr,1
529,P01136,CYS,80,GLN*,A,81,1.3,vaccinia_wr,1
530,P01136,CYS,80,HIS,A,82,3.4,vaccinia_wr,2
531,P01136,GLN,81,LEU*,A,54,2.9,vaccinia_wr,27
532,P01136,GLN,81,HIS*,A,55,4.8,vaccinia_wr,26
533,P01136,GLN,81,THR,A,76,3.3,vaccinia_wr,5
534,P01136,GLN,81,GLY*,A,77,3.7,vaccinia_wr,4
535,P01136,GLN,81,ILE*,A,78,3.4,vaccinia_wr,3
536,P01136,GLN,81,ARG*,A,79,3.0,vaccinia_wr,2
537,P01136,GLN,81,CYS*,A,80,1.3,vaccinia_wr,1
538,P01136,GLN,81,HIS*,A,82,1.3,vaccinia_wr,1
539,P01136,GLN,81,VAL*,A,83,4.1,vaccinia_wr,2
540,P01136,HIS,82,TYR*,A,75,3.2,vaccinia_wr,7
541,P01136,HIS,82,THR*,A,76,2.8,vaccinia_wr,6
542,P01136,HIS,82,GLY*,A,77,4.3,vaccinia_wr,5
543,P01136,HIS,82,GLN*,A,81,1.3,vaccinia_wr,1
544,P01136,HIS,82,VAL*,A,83,1.3,vaccinia_wr,1
545,P01136,VAL,84,GLY*,A,74,2.8,vaccinia_wr,10
546,P01136,VAL,84,TYR,A,75,3.0,vaccinia_wr,9
547,P01136,VAL,84,THR*,A,76,2.4,vaccinia_wr,8
548,P01136,VAL,84,VAL*,A,83,1.3,vaccinia_wr,1
549,P01136,VAL,84,LEU*,A,85,1.3,vaccinia_wr,1
550,P01136,VAL,84,VAL*,A,86,2.5,vaccinia_wr,2
552,P01136,ASP,87,LEU*,A,85,3.1,vaccinia_wr,2
553,P01136,ASP,87,VAL*,A,86,1.3,vaccinia_wr,1
554,P01136,ASP,87,TYR*,A,88,1.3,vaccinia_wr,1
555,P01136,ASP,87,GLN*,A,89,2.7,vaccinia_wr,2
556,P01136,ASP,87,ARG*,A,90,3.3,vaccinia_wr,3
557,P01136,TYR,88,VAL*,A,86,3.1,vaccinia_wr,2
558,P01136,TYR,88,ASP*,A,87,1.3,vaccinia_wr,1
559,P01136,TYR,88,GLN*,A,89,1.3,vaccinia_wr,1
560,P01136,TYR,88,ARG,A,90,3.3,vaccinia_wr,2
561,P01136,TYR,88,SER*,A,91,4.2,vaccinia_wr,3
562,P01136,GLN,89,ASP*,A,87,2.7,vaccinia_wr,2
563,P01136,GLN,89,TYR*,A,88,1.3,vaccinia_wr,1
564,P01136,GLN,89,ARG*,A,90,1.3,vaccinia_wr,1
565,P01136,GLN,89,SER,A,91,3.7,vaccinia_wr,2
566,P01136,ARG,90,VAL*,A,86,5.0,vaccinia_wr,4
567,P01136,ARG,90,ASP,A,87,3.3,vaccinia_wr,3
568,P01136,ARG,90,TYR*,A,88,4.5,vaccinia_wr,2
569,P01136,ARG,90,GLN*,A,89,1.3,vaccinia_wr,1
570,P01136,ARG,90,SER*,A,91,1.3,vaccinia_wr,1
571,P01136,ARG,90,GLU*,A,92,2.9,vaccinia_wr,2
572,P01136,SER,91,TYR,A,88,4.2,vaccinia_wr,3
573,P01136,SER,91,GLN,A,89,3.7,vaccinia_wr,2
574,P01136,SER,91,ARG*,A,90,1.3,vaccinia_wr,1
575,P01136,SER,91,GLU*,A,92,1.3,vaccinia_wr,1
576,P01136,SER,91,ASN*,A,93,2.7,vaccinia_wr,2
577,P01136,GLU,92,HIS*,A,73,4.7,vaccinia_wr,19
578,P01136,GLU,92,ARG*,A,90,2.9,vaccinia_wr,2
579,P01136,GLU,92,SER*,A,91,1.3,vaccinia_wr,1
580,P01136,GLU,92,ASN*,A,93,1.3,vaccinia_wr,1
581,P01136,GLU,92,PRO*,A,94,2.9,vaccinia_wr,2
582,P01136,ASN,93,SER*,A,91,2.7,vaccinia_wr,2
583,P01136,ASN,93,GLU*,A,92,1.3,vaccinia_wr,1
584,P01136,ASN,93,PRO*,A,94,1.3,vaccinia_wr,1
585,P01136,ASN,93,ASN*,A,95,2.8,vaccinia_wr,2
586,P01136,ASN,93,THR,A,96,4.2,vaccinia_wr,3
587,P01136,ASN,93,THR*,A,97,6.0,vaccinia_wr,4
588,P01136,ASN,93,SER*,A,99,5.8,vaccinia_wr,6
589,P01136,PRO,94,HIS*,A,73,4.0,vaccinia_wr,21
590,P01136,PRO,94,GLU*,A,92,2.9,vaccinia_wr,2
591,P01136,PRO,94,ASN*,A,93,1.3,vaccinia_wr,1
592,P01136,PRO,94,ASN*,A,95,1.3,vaccinia_wr,1
593,P01136,PRO,94,THR*,A,96,5.0,vaccinia_wr,2
594,P01136,ASN,95,ASN*,A,93,2.8,vaccinia_wr,2
595,P01136,ASN,95,PRO*,A,94,1.3,vaccinia_wr,1
596,P01136,ASN,95,THR*,A,96,1.3,vaccinia_wr,1
597,P01136,ASN,95,THR*,A,97,2.7,vaccinia_wr,2
598,P01136,THR,96,ASN*,A,93,4.2,vaccinia_wr,3
599,P01136,THR,96,ASN*,A,95,1.3,vaccinia_wr,1
600,P01136,THR,96,THR*,A,97,1.3,vaccinia_wr,1
601,P01136,THR,96,THR*,A,98,3.2,vaccinia_wr,2
602,P01136,THR,97,ASN*,A,93,6.0,vaccinia_wr,4
603,P01136,THR,97,ASN*,A,95,2.7,vaccinia_wr,2
604,P01136,THR,97,THR*,A,96,1.3,vaccinia_wr,1
605,P01136,THR,97,THR*,A,98,1.3,vaccinia_wr,1
606,P01136,THR,97,SER*,A,99,2.8,vaccinia_wr,2
607,P01136,THR,98,THR*,A,96,3.2,vaccinia_wr,2
608,P01136,THR,98,THR*,A,97,1.3,vaccinia_wr,1
609,P01136,THR,98,SER*,A,99,1.3,vaccinia_wr,1
610,P01136,THR,98,TYR*,A,100,2.8,vaccinia_wr,2
611,P01136,SER,99,ASN*,A,93,5.8,vaccinia_wr,6
612,P01136,SER,99,THR,A,97,2.8,vaccinia_wr,2
613,P01136,SER,99,THR*,A,98,1.3,vaccinia_wr,1
614,P01136,SER,99,TYR*,A,100,1.3,vaccinia_wr,1
615,P01136,SER,99,ILE*,A,101,2.6,vaccinia_wr,2
616,P01136,TYR,100,THR*,A,98,2.8,vaccinia_wr,2
617,P01136,TYR,100,SER*,A,99,1.3,vaccinia_wr,1
618,P01136,TYR,100,ILE*,A,101,1.3,vaccinia_wr,1
619,P01136,TYR,100,PRO*,A,102,3.0,vaccinia_wr,2
620,P01136,TYR,100,ILE*,A,106,2.8,vaccinia_wr,6
621,P01136,ILE,101,SER*,A,99,2.6,vaccinia_wr,2
622,P01136,ILE,101,TYR*,A,100,1.3,vaccinia_wr,1
623,P01136,ILE,101,PRO*,A,102,1.4,vaccinia_wr,1
624,P01136,ILE,101,SER*,A,103,3.0,vaccinia_wr,2
625,P01136,ILE,101,PRO*,A,104,5.0,vaccinia_wr,3
626,P01136,PRO,102,TYR*,A,100,3.0,vaccinia_wr,2
627,P01136,PRO,102,ILE*,A,101,1.4,vaccinia_wr,1
628,P01136,PRO,102,SER*,A,103,1.3,vaccinia_wr,1
629,P01136,PRO,102,PRO*,A,104,3.3,vaccinia_wr,2
630,P01136,PRO,102,ILE*,A,106,3.9,vaccinia_wr,4
631,P01136,PRO,102,MET*,A,107,4.2,vaccinia_wr,5
632,P01136,SER,103,TYR*,A,100,5.9,vaccinia_wr,3
633,P01136,SER,103,ILE*,A,101,3.0,vaccinia_wr,2
634,P01136,SER,103,PRO*,A,102,1.3,vaccinia_wr,1
635,P01136,SER,103,PRO*,A,104,1.3,vaccinia_wr,1
636,P01136,SER,103,GLY*,A,105,3.6,vaccinia_wr,2
637,P01136,SER,103,ILE*,A,106,2.9,vaccinia_wr,3
638,P01136,SER,103,MET*,A,107,3.6,vaccinia_wr,4
639,P01136,PRO,104,ILE*,A,101,5.0,vaccinia_wr,3
640,P01136,PRO,104,PRO,A,102,3.3,vaccinia_wr,2
641,P01136,PRO,104,SER*,A,103,1.3,vaccinia_wr,1
642,P01136,PRO,104,GLY*,A,105,1.3,vaccinia_wr,1
643,P01136,PRO,104,MET*,A,107,3.4,vaccinia_wr,3
644,P01136,PRO,104,LEU*,A,108,3.0,vaccinia_wr,4
645,P01136,GLY,105,SER*,A,103,3.0,vaccinia_wr,2
646,P01136,GLY,105,PRO*,A,104,1.3,vaccinia_wr,1
647,P01136,GLY,105,ILE*,A,106,1.3,vaccinia_wr,1
648,P01136,GLY,105,LEU*,A,108,3.3,vaccinia_wr,3
649,P01136,GLY,105,VAL*,A,109,2.5,vaccinia_wr,4
651,P01136,MET,107,PRO*,A,102,4.2,vaccinia_wr,5
652,P01136,MET,107,SER,A,103,3.6,vaccinia_wr,4
653,P01136,MET,107,PRO*,A,104,3.4,vaccinia_wr,3
654,P01136,MET,107,ILE*,A,106,1.3,vaccinia_wr,1
655,P01136,MET,107,LEU*,A,108,1.3,vaccinia_wr,1
656,P01136,MET,107,LEU*,A,110,3.5,vaccinia_wr,3
657,P01136,MET,107,VAL*,A,111,2.6,vaccinia_wr,4
658,P01136,LEU,108,ILE*,A,14,3.7,vaccinia_wr,94
659,P01136,LEU,108,SER*,A,17,5.5,vaccinia_wr,91
660,P01136,LEU,108,PHE*,A,18,2.9,vaccinia_wr,90
661,P01136,LEU,108,PRO*,A,104,3.0,vaccinia_wr,4
662,P01136,LEU,108,GLY*,A,105,3.4,vaccinia_wr,3
663,P01136,LEU,108,MET*,A,107,1.3,vaccinia_wr,1
664,P01136,LEU,108,VAL*,A,109,1.3,vaccinia_wr,1
665,P01136,LEU,108,VAL*,A,111,3.5,vaccinia_wr,3
666,P01136,LEU,108,GLY*,A,112,2.9,vaccinia_wr,4
668,P01136,GLY,112,LEU,A,108,2.9,vaccinia_wr,4
669,P01136,GLY,112,VAL*,A,109,3.2,vaccinia_wr,3
670,P01136,GLY,112,VAL*,A,111,1.3,vaccinia_wr,1
671,P01136,GLY,112,ILE*,A,113,1.3,vaccinia_wr,1
672,P01136,GLY,112,ILE*,A,115,3.3,vaccinia_wr,3
673,P01136,GLY,112,ILE*,A,116,2.5,vaccinia_wr,4
674,P01136,ILE,113,VAL*,A,109,2.5,vaccinia_wr,4
675,P01136,ILE,113,LEU*,A,110,2.8,vaccinia_wr,3
676,P01136,ILE,113,GLY*,A,112,1.3,vaccinia_wr,1
677,P01136,ILE,113,ILE*,A,114,1.3,vaccinia_wr,1
678,P01136,ILE,113,ILE*,A,116,3.3,vaccinia_wr,3
679,P01136,ILE,113,THR*,A,117,2.5,vaccinia_wr,4
680,P01136,ILE,114,LEU*,A,110,2.5,vaccinia_wr,4
681,P01136,ILE,114,VAL*,A,111,3.3,vaccinia_wr,3
682,P01136,ILE,114,ILE*,A,113,1.3,vaccinia_wr,1
683,P01136,ILE,114,ILE*,A,115,1.3,vaccinia_wr,1
684,P01136,ILE,114,THR*,A,117,2.9,vaccinia_wr,3
685,P01136,ILE,114,CYS*,A,118,2.9,vaccinia_wr,4
687,P01136,ILE,116,GLY*,A,112,2.5,vaccinia_wr,4
688,P01136,ILE,116,ILE*,A,113,3.3,vaccinia_wr,3
689,P01136,ILE,116,ILE*,A,115,1.3,vaccinia_wr,1
690,P01136,ILE,116,THR*,A,117,1.3,vaccinia_wr,1
691,P01136,ILE,116,CYS*,A,119,3.2,vaccinia_wr,3
692,P01136,ILE,116,LEU*,A,120,2.7,vaccinia_wr,4
693,P01136,THR,117,ILE*,A,113,2.5,vaccinia_wr,4
694,P01136,THR,117,ILE*,A,114,2.9,vaccinia_wr,3
695,P01136,THR,117,ILE*,A,116,1.3,vaccinia_wr,1
696,P01136,THR,117,CYS*,A,118,1.3,vaccinia_wr,1
697,P01136,THR,117,LEU*,A,120,3.3,vaccinia_wr,3
698,P01136,THR,117,LEU*,A,121,2.9,vaccinia_wr,4
699,P01136,CYS,118,MET*,A,3,4.5,vaccinia_wr,115
700,P01136,CYS,118,MET*,A,7,5.9,vaccinia_wr,111
701,P01136,CYS,118,ILE*,A,114,2.9,vaccinia_wr,4
702,P01136,CYS,118,ILE*,A,115,3.3,vaccinia_wr,3
703,P01136,CYS,118,THR*,A,117,1.3,vaccinia_wr,1
704,P01136,CYS,118,CYS*,A,119,1.3,vaccinia_wr,1
705,P01136,CYS,118,LEU*,A,121,3.4,vaccinia_wr,3
706,P01136,CYS,118,SER*,A,122,2.8,vaccinia_wr,4
708,P01136,LEU,120,ILE*,A,116,2.7,vaccinia_wr,4
709,P01136,LEU,120,THR*,A,117,3.7,vaccinia_wr,3
710,P01136,LEU,120,CYS*,A,119,1.3,vaccinia_wr,1
711,P01136,LEU,120,LEU*,A,121,1.3,vaccinia_wr,1
712,P01136,LEU,120,VAL*,A,123,3.4,vaccinia_wr,3
713,P01136,LEU,120,TYR*,A,124,2.8,vaccinia_wr,4
714,P01136,LEU,121,THR*,A,117,2.9,vaccinia_wr,4
715,P01136,LEU,121,CYS*,A,118,3.7,vaccinia_wr,3
716,P01136,LEU,121,LEU*,A,120,1.3,vaccinia_wr,1
717,P01136,LEU,121,SER*,A,122,1.3,vaccinia_wr,1
718,P01136,LEU,121,TYR*,A,124,3.7,vaccinia_wr,3
719,P01136,LEU,121,ARG*,A,125,2.8,vaccinia_wr,4
720,P01136,SER,122,MET*,A,3,3.2,vaccinia_wr,119
721,P01136,SER,122,CYS,A,118,2.8,vaccinia_wr,4
722,P01136,SER,122,CYS*,A,119,2.7,vaccinia_wr,3
723,P01136,SER,122,LEU*,A,121,1.3,vaccinia_wr,1
724,P01136,SER,122,VAL*,A,123,1.3,vaccinia_wr,1
725,P01136,SER,122,ARG*,A,125,3.4,vaccinia_wr,3
726,P01136,SER,122,PHE*,A,126,2.9,vaccinia_wr,4
727,P01136,TYR,124,LEU,A,120,2.8,vaccinia_wr,4
728,P01136,TYR,124,LEU*,A,121,3.7,vaccinia_wr,3
729,P01136,TYR,124,VAL*,A,123,1.3,vaccinia_wr,1
730,P01136,TYR,124,ARG*,A,125,1.3,vaccinia_wr,1
731,P01136,TYR,124,THR*,A,127,3.3,vaccinia_wr,3
732,P01136,TYR,124,ARG*,A,128,2.8,vaccinia_wr,4
733,P01136,ARG,125,LEU*,A,121,2.8,vaccinia_wr,4
734,P01136,ARG,125,SER*,A,122,3.7,vaccinia_wr,3
735,P01136,ARG,125,TYR*,A,124,1.3,vaccinia_wr,1
736,P01136,ARG,125,PHE*,A,126,1.3,vaccinia_wr,1
737,P01136,ARG,125,ARG*,A,128,3.5,vaccinia_wr,3
738,P01136,ARG,125,ARG*,A,129,3.1,vaccinia_wr,4
739,P01136,PHE,126,SER,A,122,2.9,vaccinia_wr,4
740,P01136,PHE,126,VAL*,A,123,3.1,vaccinia_wr,3
741,P01136,PHE,126,ARG*,A,125,1.3,vaccinia_wr,1
742,P01136,PHE,126,THR*,A,127,1.3,vaccinia_wr,1
743,P01136,PHE,126,ARG*,A,129,3.2,vaccinia_wr,3
744,P01136,PHE,126,THR*,A,130,2.6,vaccinia_wr,4
745,P01136,THR,127,VAL*,A,123,2.8,vaccinia_wr,4
746,P01136,THR,127,TYR*,A,124,3.8,vaccinia_wr,3
747,P01136,THR,127,PHE*,A,126,1.3,vaccinia_wr,1
748,P01136,THR,127,ARG*,A,128,1.3,vaccinia_wr,1
749,P01136,THR,127,THR*,A,130,3.0,vaccinia_wr,3
750,P01136,THR,127,LYS*,A,131,2.9,vaccinia_wr,4
751,P01136,ARG,128,TYR*,A,124,2.8,vaccinia_wr,4
752,P01136,ARG,128,ARG*,A,125,3.8,vaccinia_wr,3
753,P01136,ARG,128,THR*,A,127,1.3,vaccinia_wr,1
754,P01136,ARG,128,ARG*,A,129,1.3,vaccinia_wr,1
755,P01136,ARG,128,LYS*,A,131,4.0,vaccinia_wr,3
756,P01136,ARG,128,LEU*,A,132,2.5,vaccinia_wr,4
757,P01136,ARG,129,ARG*,A,125,3.1,vaccinia_wr,4
758,P01136,ARG,129,PHE*,A,126,3.2,vaccinia_wr,3
759,P01136,ARG,129,ARG*,A,128,1.3,vaccinia_wr,1
760,P01136,ARG,129,THR*,A,130,1.3,vaccinia_wr,1
761,P01136,ARG,129,LEU*,A,132,4.1,vaccinia_wr,3
762,P01136,ARG,129,PRO*,A,133,5.1,vaccinia_wr,4
763,P01136,THR,130,PHE*,A,126,2.6,vaccinia_wr,4
764,P01136,THR,130,THR*,A,127,3.0,vaccinia_wr,3
765,P01136,THR,130,ARG*,A,129,1.3,vaccinia_wr,1
766,P01136,THR,130,LYS*,A,131,1.3,vaccinia_wr,1
767,P01136,THR,130,LEU,A,132,3.4,vaccinia_wr,2
768,P01136,THR,130,PRO*,A,133,3.2,vaccinia_wr,3
769,P01136,THR,130,ILE*,A,134,5.2,vaccinia_wr,4
770,P01136,LYS,131,THR*,A,127,2.9,vaccinia_wr,4
771,P01136,LYS,131,ARG*,A,128,3.5,vaccinia_wr,3
772,P01136,LYS,131,THR*,A,130,1.3,vaccinia_wr,1
773,P01136,LYS,131,LEU*,A,132,1.3,vaccinia_wr,1
774,P01136,LYS,131,PRO*,A,133,3.3,vaccinia_wr,2
775,P01136,LYS,131,ILE*,A,134,3.8,vaccinia_wr,3
776,P01136,LYS,131,GLN,A,135,5.3,vaccinia_wr,4
777,P01136,LEU,132,ARG*,A,128,2.5,vaccinia_wr,4
778,P01136,LEU,132,ARG*,A,129,4.1,vaccinia_wr,3
779,P01136,LEU,132,THR,A,130,3.4,vaccinia_wr,2
780,P01136,LEU,132,LYS*,A,131,1.3,vaccinia_wr,1
781,P01136,LEU,132,PRO*,A,133,1.4,vaccinia_wr,1
782,P01136,LEU,132,ILE,A,134,3.7,vaccinia_wr,2
783,P01136,LEU,132,GLN*,A,135,5.2,vaccinia_wr,3
784,P01136,LEU,132,ASP*,A,136,4.6,vaccinia_wr,4
785,P01136,PRO,133,ARG,A,129,5.1,vaccinia_wr,4
786,P01136,PRO,133,THR,A,130,3.2,vaccinia_wr,3
787,P01136,PRO,133,LYS*,A,131,3.3,vaccinia_wr,2
788,P01136,PRO,133,LEU*,A,132,1.4,vaccinia_wr,1
789,P01136,PRO,133,ILE*,A,134,1.3,vaccinia_wr,1
790,P01136,PRO,133,GLN,A,135,3.7,vaccinia_wr,2
791,P01136,PRO,133,ASP*,A,136,4.6,vaccinia_wr,3
792,P01136,PRO,133,MET*,A,137,4.8,vaccinia_wr,4
793,P01136,ILE,134,THR,A,130,5.2,vaccinia_wr,4
794,P01136,ILE,134,LYS*,A,131,3.8,vaccinia_wr,3
795,P01136,ILE,134,LEU,A,132,3.7,vaccinia_wr,2
796,P01136,ILE,134,PRO*,A,133,1.3,vaccinia_wr,1
797,P01136,ILE,134,GLN*,A,135,1.3,vaccinia_wr,1
798,P01136,ILE,134,ASP,A,136,3.3,vaccinia_wr,2
799,P01136,ILE,134,MET*,A,137,2.6,vaccinia_wr,3
800,P01136,ILE,134,VAL*,A,138,4.3,vaccinia_wr,4
801,P01136,GLN,135,LYS,A,131,5.3,vaccinia_wr,4
802,P01136,GLN,135,LEU*,A,132,5.2,vaccinia_wr,3
803,P01136,GLN,135,PRO*,A,133,3.7,vaccinia_wr,2
804,P01136,GLN,135,ILE*,A,134,1.3,vaccinia_wr,1
805,P01136,GLN,135,ASP*,A,136,1.3,vaccinia_wr,1
806,P01136,GLN,135,MET,A,137,3.3,vaccinia_wr,2
807,P01136,GLN,135,VAL*,A,138,3.9,vaccinia_wr,3
808,P01136,GLN,135,VAL*,A,139,4.9,vaccinia_wr,4
809,P01136,ASP,136,LEU*,A,132,4.6,vaccinia_wr,4
810,P01136,ASP,136,PRO*,A,133,4.6,vaccinia_wr,3
811,P01136,ASP,136,ILE*,A,134,3.3,vaccinia_wr,2
812,P01136,ASP,136,GLN*,A,135,1.3,vaccinia_wr,1
813,P01136,ASP,136,MET*,A,137,1.3,vaccinia_wr,1
814,P01136,ASP,136,VAL,A,138,3.5,vaccinia_wr,2
815,P01136,ASP,136,VAL*,A,139,3.8,vaccinia_wr,3
816,P01136,MET,137,PRO,A,133,4.8,vaccinia_wr,4
817,P01136,MET,137,ILE*,A,134,2.6,vaccinia_wr,3
818,P01136,MET,137,GLN,A,135,3.3,vaccinia_wr,2
819,P01136,MET,137,ASP*,A,136,1.3,vaccinia_wr,1
820,P01136,MET,137,VAL*,A,138,1.3,vaccinia_wr,1
821,P01136,MET,137,VAL,A,139,3.7,vaccinia_wr,2
822,P01136,PRO,140,VAL*,A,138,4.1,vaccinia_wr,2
823,P01136,PRO,140,VAL*,A,139,1.3,vaccinia_wr,1
